6.204248, 11.412824, -1.054133
6.017327, 11.700664, -1.084564
4.921748, 10.615930, -1.462428
3.547233, 9.249760, -1.953995
2.526644, 8.243070, -2.305690
1.537623, 7.259603, -2.654546
0.929856, 6.651171, -2.869728
0.826242, 6.535666, -2.907349
0.837168, 6.536139, -2.901966
0.819857, 6.514101, -2.906992
0.934657, 6.616450, -2.870076
0.969355, 6.647559, -2.859331
1.021831, 6.692364, -2.835808
1.312698, 6.972808, -2.734684
1.662588, 7.305605, -2.612805
2.020133, 7.656658, -2.480790
2.393415, 8.011331, -2.350466
2.807284, 8.410836, -2.201722
3.482451, 9.062790, -1.960977
3.731739, 9.302595, -1.868633
3.931560, 9.493772, -1.793821
4.331247, 9.887949, -1.649550
4.650278, 10.193663, -1.533455
4.971027, 10.522417, -1.412802
5.293830, 10.846416, -1.291206
5.372532, 10.928418, -1.259028
5.441061, 10.995200, -1.230417
5.686202, 11.238098, -1.141427
5.837746, 11.392464, -1.083842
6.092916, 11.646212, -0.986836
6.443045, 11.990379, -0.861170
6.690064, 12.238989, -0.772004
6.836090, 12.393080, -0.714038
6.901852, 12.454475, -0.688391
6.957913, 12.503812, -0.670834
7.023579, 12.565401, -0.646943
7.068234, 12.612426, -0.629701
7.151627, 12.704680, -0.597413
7.166900, 12.734066, -0.585841
7.171945, 12.741452, -0.581144
7.181490, 12.746352, -0.580534
7.193212, 12.753565, -0.578732
7.196030, 12.753536, -0.579098
7.203665, 12.760829, -0.575121
7.200559, 12.763234, -0.573673
7.202677, 12.762862, -0.572384
7.202737, 12.762868, -0.576204
7.204162, 12.762130, -0.575178
7.196915, 12.762511, -0.573905
7.192386, 12.764695, -0.575139
7.187770, 12.762429, -0.574723
7.187379, 12.760132, -0.574252
7.177779, 12.757528, -0.574255
7.169914, 12.756479, -0.575219
7.166367, 12.753160, -0.572007
7.158919, 12.755342, -0.571887
7.155424, 12.757185, -0.571086
7.149806, 12.757047, -0.574239
7.147814, 12.756171, -0.572650
7.148351, 12.759037, -0.572661
7.152090, 12.757735, -0.574466
7.159633, 12.756564, -0.573923
7.155619, 12.755508, -0.574358
7.155399, 12.754410, -0.573083
7.161111, 12.756122, -0.572233
7.162034, 12.754949, -0.571427
7.163293, 12.752726, -0.574045
7.167465, 12.754552, -0.571087
7.161854, 12.754817, -0.574290
7.157210, 12.755843, -0.570167
7.159490, 12.755829, -0.571568
7.159622, 12.756422, -0.573813
7.166927, 12.756115, -0.572520
7.169453, 12.757268, -0.576652
7.171817, 12.757182, -0.576029
7.171533, 12.756008, -0.576646
7.159556, 12.757365, -0.576360
7.159205, 12.757113, -0.571946
7.155419, 12.759869, -0.573832
7.160547, 12.762783, -0.571926
7.161276, 12.764493, -0.574353
7.175040, 12.763640, -0.574149
7.181100, 12.759781, -0.576848
7.177905, 12.758733, -0.570744
7.170973, 12.759266, -0.570059
7.164504, 12.762052, -0.573665
7.169196, 12.762810, -0.573959
7.166604, 12.763218, -0.574218
7.158969, 12.762681, -0.572436
7.158054, 12.763834, -0.572483
7.164583, 12.762122, -0.570669
7.166548, 12.764569, -0.573660
7.171771, 12.766665, -0.570840
7.167355, 12.765528, -0.571160
7.166706, 12.761731, -0.576808
7.173195, 12.763450, -0.579401
7.177331, 12.763696, -0.575329
7.182267, 12.762454, -0.576984
7.182774, 12.763045, -0.576425
7.190275, 12.763713, -0.576726
7.196829, 12.764633, -0.574750
7.190507, 12.762338, -0.571915
7.184509, 12.758818, -0.575721
7.187086, 12.758713, -0.576006
7.190048, 12.759116, -0.576372
7.195042, 12.762030, -0.574966
7.198199, 12.761034, -0.577220
7.200807, 12.760939, -0.576143
7.194746, 12.761062, -0.576393
7.199541, 12.762570, -0.577354
7.206690, 12.764842, -0.575204
7.220444, 12.763579, -0.578357
7.209727, 12.764353, -0.576501
7.209197, 12.764882, -0.575500
7.215934, 12.764846, -0.574281
7.213118, 12.765431, -0.575892
7.205020, 12.762742, -0.570124
7.202591, 12.760534, -0.576226
7.201431, 12.762155, -0.576355
7.190216, 12.761759, -0.575001
7.193567, 12.762521, -0.575284
7.191930, 12.762225, -0.574339
7.188940, 12.759580, -0.572137
7.190407, 12.758135, -0.574250
7.193267, 12.759394, -0.574619
7.197680, 12.760704, -0.574863
7.193684, 12.757397, -0.574961
7.187436, 12.753793, -0.572109
7.183365, 12.755177, -0.572446
7.174349, 12.757988, -0.573891
7.170227, 12.759093, -0.571021
7.178010, 12.761691, -0.572858
7.187883, 12.763737, -0.575929
7.187616, 12.761476, -0.575085
7.178950, 12.762276, -0.573619
7.172442, 12.760356, -0.572960
7.173323, 12.759596, -0.573665
7.171142, 12.760392, -0.575542
7.178015, 12.760260, -0.575665
7.184703, 12.760179, -0.573400
7.179951, 12.761460, -0.574567
7.179774, 12.761671, -0.575753
7.186298, 12.763634, -0.572910
7.184242, 12.763734, -0.574579
7.178054, 12.762103, -0.571901
7.181216, 12.762184, -0.575316
7.184642, 12.760843, -0.571500
7.185701, 12.760622, -0.574319
7.184570, 12.760898, -0.574258
7.181399, 12.761695, -0.574219
7.182552, 12.763054, -0.574803
7.179958, 12.761982, -0.573511
7.172720, 12.761793, -0.572728
7.164121, 12.761163, -0.576510
7.168123, 12.762064, -0.574494
7.165936, 12.760484, -0.575736
7.170827, 12.761192, -0.574388
7.170403, 12.762161, -0.575038
7.163746, 12.760233, -0.573818
7.163652, 12.757990, -0.574087
7.163586, 12.758858, -0.573998
7.164078, 12.758829, -0.575403
7.168267, 12.758859, -0.573771
7.170662, 12.757927, -0.573290
7.171456, 12.757705, -0.571765
7.172282, 12.759299, -0.573895
7.167415, 12.760608, -0.573594
7.165805, 12.760123, -0.572488
7.161892, 12.759222, -0.571468
7.157435, 12.760530, -0.571992
7.156014, 12.761371, -0.573279
7.158919, 12.764496, -0.572670
7.159330, 12.763376, -0.569766
7.162342, 12.762440, -0.570338
7.176924, 12.762478, -0.573432
7.165255, 12.762739, -0.571008
7.163078, 12.762105, -0.570861
7.158220, 12.762021, -0.574003
7.153779, 12.762770, -0.572176
7.141622, 12.763910, -0.571584
7.150493, 12.760884, -0.572128
7.165643, 12.761399, -0.573243
7.162672, 12.760860, -0.573586
7.152926, 12.760928, -0.574238
7.147023, 12.760216, -0.572756
7.153227, 12.759855, -0.572629
7.157742, 12.760089, -0.575944
7.164120, 12.760507, -0.575019
7.169872, 12.760490, -0.575244
7.163620, 12.759718, -0.572866
7.164821, 12.758180, -0.574885
7.162383, 12.758039, -0.570584
7.172465, 12.757075, -0.572395
7.165337, 12.756145, -0.571313
7.171193, 12.759167, -0.574230
7.159616, 12.756236, -0.570272
7.150954, 12.757135, -0.569810
7.147651, 12.756155, -0.570139
7.148075, 12.759567, -0.571884
7.143312, 12.758472, -0.570881
7.147842, 12.758030, -0.572838
7.149116, 12.758699, -0.572589
7.149299, 12.759710, -0.574518
7.163113, 12.759249, -0.572844
7.175746, 12.759958, -0.572408
7.177321, 12.761765, -0.575160
7.190508, 12.761321, -0.577822
7.193743, 12.759943, -0.575866
7.191794, 12.760483, -0.574280
7.195149, 12.761625, -0.576738
7.188276, 12.759544, -0.576087
7.180801, 12.761040, -0.574539
7.178982, 12.761292, -0.578011
7.178578, 12.759761, -0.574688
7.175324, 12.760191, -0.574778
7.175931, 12.760410, -0.573486
7.183056, 12.757953, -0.571914
7.181092, 12.758049, -0.572200
7.182974, 12.757842, -0.572511
7.175442, 12.757920, -0.573132
7.180171, 12.756944, -0.576164
7.184888, 12.755994, -0.573446
7.185610, 12.757037, -0.574197
7.183282, 12.757032, -0.572620
7.180225, 12.754799, -0.575247
7.191786, 12.757403, -0.574366
7.194763, 12.757406, -0.572283
7.205385, 12.755322, -0.573387
7.204648, 12.754189, -0.573378
7.196513, 12.756592, -0.575261
7.194162, 12.755359, -0.575169
7.195439, 12.757897, -0.574140
7.195341, 12.758055, -0.576163
7.202184, 12.760871, -0.578507
7.207692, 12.760946, -0.575996
7.201237, 12.763128, -0.574511
7.202655, 12.759670, -0.575115
7.194124, 12.762933, -0.572597
7.194329, 12.763651, -0.571769
7.205861, 12.765092, -0.574621
7.195160, 12.763973, -0.574309
7.185926, 12.761783, -0.572668
7.190791, 12.761667, -0.573194
7.190596, 12.762738, -0.575316
7.194109, 12.762169, -0.574791
7.181325, 12.761270, -0.574769
7.174147, 12.759439, -0.573902
7.173479, 12.759098, -0.575999
7.167789, 12.758151, -0.573193
7.156717, 12.757173, -0.574629
7.156260, 12.757454, -0.572921
7.161795, 12.756186, -0.571895
7.168579, 12.757221, -0.571648
7.170652, 12.757400, -0.572951
7.175347, 12.757460, -0.575466
7.166570, 12.756478, -0.572742
7.165876, 12.756162, -0.575737
7.161775, 12.754113, -0.571683
7.165040, 12.755652, -0.569612
7.161973, 12.756623, -0.573161
7.168646, 12.760182, -0.572887
7.163130, 12.759516, -0.571623
7.161650, 12.763149, -0.574258
7.169455, 12.759095, -0.574883
7.167988, 12.758108, -0.572544
7.166269, 12.759448, -0.573359
7.172318, 12.758691, -0.573747
7.164517, 12.759173, -0.574786
7.167042, 12.759742, -0.572132
7.160341, 12.761818, -0.570544
7.165668, 12.759508, -0.574826
7.156466, 12.759746, -0.574862
7.150183, 12.761446, -0.572970
7.145502, 12.762691, -0.572669
7.144912, 12.764023, -0.571848
7.151200, 12.767334, -0.572086
7.156231, 12.765178, -0.574492
7.155779, 12.765628, -0.574586
7.161344, 12.764286, -0.573958
7.159542, 12.762639, -0.575195
7.158230, 12.761370, -0.572466
7.164398, 12.760288, -0.567920
7.174877, 12.757762, -0.575156
7.178334, 12.761081, -0.571033
7.179281, 12.761457, -0.575559
7.183147, 12.759179, -0.573305
7.176186, 12.760408, -0.575870
7.172959, 12.759917, -0.573625
7.166337, 12.760300, -0.575207
7.165203, 12.759867, -0.569628
7.160532, 12.761522, -0.571925
7.162235, 12.760229, -0.573561
7.168891, 12.760886, -0.575414
7.165735, 12.758249, -0.571399
7.163802, 12.758649, -0.573598
7.165841, 12.754650, -0.575033
7.180793, 12.755704, -0.575390
7.184366, 12.756065, -0.573266
7.190029, 12.757876, -0.570524
7.182842, 12.757621, -0.573465
7.188994, 12.758188, -0.571477
7.188588, 12.758132, -0.574844
7.195041, 12.757262, -0.577016
7.195186, 12.756594, -0.571317
7.195253, 12.753798, -0.574371
7.189767, 12.752858, -0.570623
7.195315, 12.749934, -0.571038
7.202696, 12.748285, -0.571605
7.205056, 12.752173, -0.576235
7.199096, 12.753399, -0.571349
7.194124, 12.754326, -0.572962
7.203011, 12.755287, -0.576324
7.205301, 12.755676, -0.575857
7.209693, 12.759139, -0.576322
7.213637, 12.758672, -0.574373
7.215780, 12.761298, -0.574383
7.210625, 12.758628, -0.577797
7.208516, 12.762331, -0.571745
7.203749, 12.762487, -0.572655
7.198798, 12.761835, -0.570490
7.201274, 12.761669, -0.576069
7.205890, 12.762068, -0.574460
7.196698, 12.759679, -0.575595
7.192555, 12.758953, -0.572739
7.187190, 12.757189, -0.575332
7.181688, 12.758586, -0.569589
7.192089, 12.758003, -0.571709
7.193920, 12.759904, -0.573735
7.198613, 12.756730, -0.571575
7.199000, 12.755602, -0.573272
7.198289, 12.755098, -0.572308
7.198773, 12.755107, -0.572823
7.188412, 12.755905, -0.569696
7.190837, 12.759179, -0.575469
7.192862, 12.760130, -0.573988
7.198271, 12.759866, -0.575952
7.206299, 12.761135, -0.572524
7.199746, 12.762690, -0.574306
7.188122, 12.760637, -0.573243
7.183556, 12.759903, -0.572169
7.183855, 12.762194, -0.574200
7.182043, 12.760533, -0.574124
7.178583, 12.760947, -0.574824
7.177438, 12.761715, -0.572759
7.173399, 12.760764, -0.574899
7.167663, 12.760474, -0.574547
7.165899, 12.759007, -0.571604
7.167698, 12.762302, -0.574814
7.164455, 12.764726, -0.572314
7.172009, 12.765242, -0.575903
7.169199, 12.761522, -0.573759
7.163568, 12.763920, -0.571686
7.162866, 12.759856, -0.573283
7.164110, 12.762200, -0.572631
7.169809, 12.762111, -0.574513
7.174860, 12.762287, -0.573665
7.176419, 12.764220, -0.571853
7.172867, 12.762477, -0.572573
7.173230, 12.761241, -0.574508
7.177583, 12.761585, -0.577655
7.166663, 12.759980, -0.575543
7.178982, 12.761528, -0.576127
7.175559, 12.761786, -0.573471
7.169433, 12.762833, -0.571326
7.166425, 12.762264, -0.574189
7.170883, 12.759990, -0.573472
7.171949, 12.760167, -0.574961
7.170934, 12.760798, -0.571414
7.180531, 12.762498, -0.575132
7.181646, 12.763077, -0.574601
7.185569, 12.763034, -0.573134
7.181977, 12.763940, -0.573086
7.184246, 12.761964, -0.576361
7.186185, 12.762405, -0.572970
7.188585, 12.761156, -0.572104
7.186209, 12.761077, -0.573941
7.195598, 12.760491, -0.576698
7.198208, 12.763540, -0.572846
7.203042, 12.763717, -0.576442
7.195430, 12.763158, -0.578646
7.192926, 12.766138, -0.575561
7.188074, 12.766781, -0.573476
7.186172, 12.766788, -0.575741
7.176259, 12.764233, -0.573324
7.174030, 12.763326, -0.570658
7.172982, 12.763876, -0.573935
7.173556, 12.761353, -0.575174
7.180510, 12.762888, -0.571489
7.186586, 12.762340, -0.570732
7.187469, 12.762710, -0.574061
7.183476, 12.760901, -0.572937
7.188811, 12.762754, -0.575402
7.190527, 12.760003, -0.571538
7.185415, 12.759884, -0.574841
7.189422, 12.763359, -0.574205
7.196016, 12.760933, -0.578129
7.192479, 12.761719, -0.575478
7.190215, 12.761469, -0.574553
7.185776, 12.762808, -0.575369
7.187169, 12.761547, -0.573676
7.183783, 12.759195, -0.575746
7.185307, 12.760839, -0.573930
7.191148, 12.762572, -0.574415
7.189072, 12.760428, -0.572770
7.178423, 12.759581, -0.574052
7.187643, 12.758214, -0.573395
7.187498, 12.759859, -0.575976
7.194159, 12.760674, -0.572038
7.193257, 12.759942, -0.571921
7.196037, 12.759463, -0.573605
7.195208, 12.761967, -0.574831
7.196964, 12.761338, -0.573557
7.189539, 12.760170, -0.571286
7.186275, 12.757474, -0.574162
7.189458, 12.759355, -0.573763
7.189752, 12.759678, -0.572788
7.190247, 12.758180, -0.575659
7.191037, 12.759465, -0.575033
7.198804, 12.761360, -0.573730
7.204872, 12.757200, -0.575415
7.206529, 12.758678, -0.573613
7.206241, 12.757320, -0.570656
7.203163, 12.758205, -0.574659
7.195396, 12.757885, -0.576984
7.200640, 12.757046, -0.575419
7.197750, 12.755879, -0.574211
7.197225, 12.754328, -0.576235
7.190257, 12.757069, -0.571237
7.191770, 12.756710, -0.575482
7.185986, 12.754884, -0.575833
7.190829, 12.755137, -0.573344
7.178033, 12.754634, -0.574168
7.172074, 12.757956, -0.572453
7.170827, 12.760026, -0.573503
7.175923, 12.762128, -0.573742
7.175576, 12.761785, -0.569824
7.179307, 12.760327, -0.574654
7.174286, 12.758886, -0.572749
7.177376, 12.756457, -0.572035
7.182696, 12.758953, -0.574156
7.184849, 12.760775, -0.573531
7.177879, 12.759025, -0.575244
7.176063, 12.758313, -0.574519
7.160509, 12.758205, -0.571989
7.169382, 12.755949, -0.573522
7.166966, 12.757005, -0.570090
7.169204, 12.755881, -0.571350
7.175133, 12.754757, -0.573861
7.173783, 12.755358, -0.575959
7.172832, 12.756140, -0.570845
7.173945, 12.754100, -0.575745
7.165146, 12.752448, -0.572700
7.175352, 12.751800, -0.571269
7.188416, 12.751276, -0.573281
7.176126, 12.751441, -0.573425
7.181657, 12.754315, -0.574826
7.185612, 12.752589, -0.572860
7.178389, 12.754485, -0.568492
7.190126, 12.756049, -0.574775
7.190583, 12.754010, -0.575517
7.181088, 12.752448, -0.573597
7.176099, 12.753719, -0.571664
7.172061, 12.751068, -0.572763
7.176096, 12.750966, -0.572473
7.173165, 12.751995, -0.574723
7.177978, 12.752891, -0.572381
7.178436, 12.753913, -0.572143
7.176953, 12.754425, -0.572281
7.191956, 12.755086, -0.572767
7.192163, 12.752635, -0.574400
7.191038, 12.753427, -0.572287
7.182768, 12.755145, -0.569365
7.184207, 12.754961, -0.571077
7.178387, 12.754112, -0.571879
7.177672, 12.752664, -0.576318
7.177366, 12.753579, -0.574704
7.182016, 12.755047, -0.574978
7.179298, 12.759989, -0.577043
7.183114, 12.759357, -0.573000
7.182677, 12.758764, -0.572399
7.188935, 12.758269, -0.576637
7.183961, 12.757323, -0.576300
7.183185, 12.758086, -0.575273
7.178958, 12.756980, -0.573611
7.188548, 12.758910, -0.577198
7.185856, 12.758631, -0.574735
7.187749, 12.758726, -0.575774
7.182650, 12.760773, -0.575078
7.186755, 12.759650, -0.575751
7.187325, 12.761592, -0.571696
7.184780, 12.761058, -0.571715
7.181720, 12.762823, -0.575293
7.184927, 12.762825, -0.576464
7.183440, 12.760545, -0.572909
7.183487, 12.759436, -0.575131
7.182082, 12.762597, -0.573965
7.172500, 12.761659, -0.572768
7.167599, 12.759913, -0.572228
7.166646, 12.759505, -0.573362
7.169565, 12.760957, -0.573088
7.167024, 12.764602, -0.575218
7.164227, 12.764799, -0.573084
7.168650, 12.765341, -0.574859
7.156084, 12.763398, -0.575908
7.149635, 12.765236, -0.574239
7.146490, 12.764898, -0.572270
7.148238, 12.762082, -0.573735
7.148887, 12.759257, -0.571693
7.148410, 12.759103, -0.570618
7.147277, 12.760738, -0.572559
7.157910, 12.763559, -0.571899
7.166274, 12.765239, -0.573284
7.165201, 12.763825, -0.572562
7.167238, 12.765071, -0.572981
7.171176, 12.761922, -0.570131
7.175440, 12.760423, -0.575636
7.175982, 12.757359, -0.574762
7.180681, 12.755498, -0.571844
7.184425, 12.753149, -0.575594
7.186142, 12.756414, -0.575098
7.179189, 12.756575, -0.570233
7.178810, 12.756331, -0.569386
7.180169, 12.757119, -0.573527
7.177076, 12.756786, -0.574295
7.179114, 12.758598, -0.573592
7.172591, 12.760170, -0.573760
7.176850, 12.759294, -0.573904
7.182613, 12.759265, -0.574989
7.182912, 12.758695, -0.571530
7.178699, 12.757762, -0.571223
7.171757, 12.757305, -0.573469
7.177238, 12.759171, -0.574686
7.172788, 12.759883, -0.571505
7.181217, 12.762483, -0.574293
7.177618, 12.759785, -0.572829
7.171806, 12.761021, -0.573017
7.170560, 12.760133, -0.575580
7.173086, 12.759173, -0.574092
7.172807, 12.758029, -0.572436
7.174620, 12.757669, -0.573832
7.177775, 12.762488, -0.573158
7.166537, 12.760839, -0.572180
7.159028, 12.763303, -0.571312
7.154525, 12.763684, -0.574346
7.161366, 12.765720, -0.572393
7.168164, 12.766887, -0.571841
7.173031, 12.765167, -0.572737
7.170690, 12.761676, -0.574568
7.177650, 12.763726, -0.576430
7.177933, 12.763560, -0.574675
7.178080, 12.760222, -0.575047
7.175650, 12.759865, -0.574030
7.176085, 12.760278, -0.573445
7.162148, 12.760219, -0.573786
7.162969, 12.759534, -0.572523
7.151919, 12.758081, -0.569993
7.160793, 12.755477, -0.571399
7.166775, 12.755759, -0.572090
7.155618, 12.757071, -0.568585
7.155510, 12.754257, -0.568752
7.156523, 12.755207, -0.573815
7.159321, 12.753075, -0.571870
7.162758, 12.752641, -0.574064
7.161766, 12.752685, -0.571848
7.159328, 12.752318, -0.573161
7.159904, 12.749696, -0.573333
7.166338, 12.753388, -0.573520
7.170801, 12.754967, -0.574155
7.180127, 12.756366, -0.573220
7.179357, 12.757973, -0.572939
7.177620, 12.757865, -0.573044
7.169157, 12.757681, -0.573614
7.166008, 12.758403, -0.574472
7.169737, 12.757554, -0.577245
7.174226, 12.758088, -0.572021
7.176674, 12.761294, -0.571412
7.178859, 12.760940, -0.574740
7.181528, 12.759995, -0.573163
7.189863, 12.761493, -0.572766
7.188976, 12.763556, -0.572045
7.188779, 12.763316, -0.573992
7.191229, 12.761107, -0.576085
7.189606, 12.761729, -0.576533
7.193101, 12.759383, -0.573436
7.187909, 12.759253, -0.574178
7.203306, 12.761752, -0.573440
7.200888, 12.761588, -0.572393
7.199014, 12.764224, -0.574442
7.201618, 12.765598, -0.576464
7.204382, 12.762390, -0.577355
7.208836, 12.761102, -0.577298
7.216388, 12.760698, -0.578504
7.221535, 12.762412, -0.576886
7.216348, 12.761783, -0.576020
7.223775, 12.760875, -0.578258
7.223175, 12.757965, -0.573608
7.219821, 12.756019, -0.574456
7.218801, 12.754241, -0.577791
7.210056, 12.752795, -0.573409
7.211012, 12.752401, -0.573798
7.203702, 12.753777, -0.572565
7.205057, 12.752632, -0.574389
7.198924, 12.753702, -0.573426
7.205120, 12.755943, -0.577939
7.209899, 12.756722, -0.572030
7.201091, 12.757492, -0.574776
7.197358, 12.758090, -0.574998
7.192385, 12.757884, -0.572739
7.187212, 12.759105, -0.570037
7.182595, 12.756584, -0.574117
7.190910, 12.758691, -0.576079
7.193231, 12.756739, -0.575792
7.192258, 12.757120, -0.570973
7.196578, 12.757926, -0.573859
7.192168, 12.758689, -0.574041
7.198353, 12.758236, -0.576801
7.185248, 12.757692, -0.571440
7.184616, 12.756574, -0.572834
7.193673, 12.756163, -0.575565
7.195087, 12.756711, -0.573827
7.193893, 12.756565, -0.571409
7.196013, 12.757360, -0.574396
7.196923, 12.759273, -0.574851
7.201252, 12.759741, -0.575326
7.199773, 12.761817, -0.573412
7.196664, 12.764341, -0.574808
7.194943, 12.764759, -0.575737
7.190363, 12.768959, -0.578015
7.181301, 12.771207, -0.576619
7.171022, 12.773187, -0.576500
7.160870, 12.766916, -0.578143
7.171901, 12.767830, -0.575210
7.179954, 12.768271, -0.578044
7.192609, 12.766570, -0.579938
7.197872, 12.766524, -0.579297
7.207370, 12.768573, -0.575833
7.205550, 12.765087, -0.574080
7.200089, 12.763321, -0.577937
7.205277, 12.762604, -0.577659
7.205008, 12.760078, -0.576379
7.195997, 12.758830, -0.576728
7.186400, 12.758100, -0.575190
7.176076, 12.758330, -0.569048
7.175029, 12.752071, -0.569628
7.177476, 12.751172, -0.565831
7.163377, 12.744624, -0.557230
7.155703, 12.742148, -0.565691
7.150056, 12.741530, -0.563053
7.156146, 12.744451, -0.564752
7.150033, 12.745642, -0.566205
7.148769, 12.748817, -0.565704
7.155084, 12.750027, -0.569146
7.165156, 12.755003, -0.570360
7.175558, 12.761469, -0.576332
7.177741, 12.765543, -0.577806
7.180411, 12.763619, -0.577403
7.184435, 12.763213, -0.577057
7.178607, 12.760658, -0.572814
7.178108, 12.754954, -0.568863
7.182512, 12.750990, -0.572608
7.184329, 12.753245, -0.573668
7.184460, 12.750156, -0.570047
7.186299, 12.746679, -0.570420
7.175823, 12.741255, -0.568198
7.169925, 12.739145, -0.565105
7.178324, 12.741066, -0.567933
7.178689, 12.741727, -0.572205
7.178931, 12.744561, -0.568535
7.171878, 12.741373, -0.566557
7.171374, 12.747701, -0.566767
7.164115, 12.750524, -0.568054
7.172659, 12.752772, -0.573539
7.184660, 12.754233, -0.575952
7.181191, 12.755917, -0.572998
7.183632, 12.757100, -0.574410
7.178268, 12.757024, -0.574066
7.175075, 12.758236, -0.573498
7.180812, 12.760683, -0.576471
7.177005, 12.762864, -0.573738
7.175932, 12.763843, -0.572717
7.177556, 12.763395, -0.573343
7.185455, 12.763328, -0.574618
7.187784, 12.763496, -0.574805
7.184317, 12.761383, -0.572264
7.189664, 12.760911, -0.574534
7.185703, 12.757316, -0.572725
7.179790, 12.756715, -0.571915
7.172300, 12.751518, -0.571322
7.174318, 12.753320, -0.577740
7.176092, 12.751161, -0.571026
7.177393, 12.749714, -0.573745
7.174624, 12.744621, -0.567535
7.188436, 12.747270, -0.573691
7.182170, 12.747129, -0.568749
7.173143, 12.748015, -0.568857
7.161614, 12.750787, -0.572583
7.154098, 12.749853, -0.571252
7.148456, 12.752817, -0.568413
7.146452, 12.753043, -0.571668
7.148897, 12.752345, -0.567374
7.144748, 12.750330, -0.568179
7.150356, 12.750330, -0.572190
7.147230, 12.754264, -0.572847
7.153994, 12.755959, -0.569899
7.154873, 12.756421, -0.570917
7.155963, 12.756014, -0.569127
7.162412, 12.755062, -0.573441
7.164437, 12.750168, -0.572652
7.167297, 12.752998, -0.571782
7.161923, 12.751053, -0.570978
7.159340, 12.748797, -0.571937
7.159320, 12.747875, -0.569402
7.159915, 12.749014, -0.571021
7.164518, 12.747499, -0.567585
7.163880, 12.746738, -0.569031
7.162330, 12.747305, -0.568626
7.163804, 12.748443, -0.568051
7.171907, 12.752077, -0.573752
7.173867, 12.750477, -0.570098
7.177919, 12.748595, -0.574618
7.172357, 12.751162, -0.570816
7.177165, 12.751386, -0.572210
7.169679, 12.749832, -0.571599
7.174010, 12.749906, -0.573689
7.172102, 12.747480, -0.569528
7.180602, 12.747659, -0.572589
7.186728, 12.752013, -0.571305
7.182923, 12.755692, -0.571457
7.182557, 12.755742, -0.570506
7.173392, 12.753257, -0.571845
7.162300, 12.753258, -0.574707
7.158405, 12.754210, -0.572181
7.162384, 12.756446, -0.572137
7.163169, 12.757765, -0.570338
7.153305, 12.757620, -0.567347
7.155413, 12.757131, -0.573716
7.162336, 12.755560, -0.573025
7.171270, 12.753933, -0.571985
7.165696, 12.754817, -0.571210
7.166096, 12.754367, -0.569798
7.161093, 12.752033, -0.568649
7.169116, 12.752456, -0.569742
7.165946, 12.753703, -0.571656
7.175156, 12.755174, -0.572468
7.171550, 12.753899, -0.572908
7.178073, 12.753402, -0.573088
7.171156, 12.753382, -0.571197
7.169295, 12.751910, -0.571910
7.171408, 12.752619, -0.572793
7.176089, 12.754867, -0.573021
7.184364, 12.756197, -0.576276
7.181508, 12.757568, -0.576060
7.185934, 12.760007, -0.579292
7.182395, 12.758364, -0.573028
7.179062, 12.757949, -0.574678
7.175890, 12.763390, -0.579429
7.158928, 12.764941, -0.581354
7.164099, 12.766690, -0.577175
7.176852, 12.766741, -0.582403
7.188503, 12.768573, -0.581003
7.196918, 12.770212, -0.583436
7.203093, 12.774953, -0.586168
7.202234, 12.776836, -0.587521
7.201819, 12.776771, -0.583473
7.204062, 12.780785, -0.588245
7.206263, 12.784998, -0.587062
7.211518, 12.783952, -0.585575
7.214416, 12.787824, -0.586208
7.226589, 12.790866, -0.588593
7.234694, 12.792461, -0.589557
7.236692, 12.789224, -0.589236
7.240134, 12.788932, -0.586059
7.241367, 12.784192, -0.584709
7.236851, 12.781677, -0.584902
7.245829, 12.780617, -0.583758
7.228591, 12.781850, -0.580997
7.223289, 12.781266, -0.582652
7.224943, 12.781013, -0.582050
7.221477, 12.777152, -0.578929
7.224197, 12.774048, -0.583124
7.224032, 12.773724, -0.579049
7.211096, 12.769298, -0.576734
7.199749, 12.767765, -0.572240
7.195345, 12.763901, -0.575380
7.201452, 12.765238, -0.577231
7.194108, 12.761060, -0.576844
7.190231, 12.760406, -0.570606
7.186758, 12.752942, -0.571565
7.178325, 12.748258, -0.569091
7.178515, 12.741968, -0.566181
7.176727, 12.741066, -0.564897
7.176402, 12.739642, -0.565627
7.174260, 12.739059, -0.565114
7.174841, 12.738115, -0.565061
7.165936, 12.732196, -0.561848
7.161382, 12.720761, -0.554210
7.170813, 12.719480, -0.560163
7.178934, 12.721041, -0.560561
7.175857, 12.723227, -0.556460
7.173143, 12.724036, -0.558351
7.167657, 12.727062, -0.557876
7.169645, 12.726251, -0.558163
7.165905, 12.725989, -0.558051
7.159199, 12.725798, -0.558591
7.147630, 12.719793, -0.556140
7.145502, 12.718305, -0.556584
7.132605, 12.717289, -0.548211
7.124617, 12.714460, -0.551684
7.115288, 12.714995, -0.552630
7.104212, 12.712455, -0.552196
7.097267, 12.710457, -0.546290
7.086379, 12.705861, -0.544975
7.087241, 12.702211, -0.543692
7.085899, 12.699574, -0.544323
7.078869, 12.695109, -0.538684
7.072012, 12.692099, -0.540142
7.066741, 12.691487, -0.538735
7.054995, 12.684821, -0.531767
7.053196, 12.675157, -0.528719
7.043950, 12.668171, -0.522890
7.033620, 12.659956, -0.523454
7.017821, 12.652944, -0.518689
7.015514, 12.648516, -0.515613
7.016348, 12.643830, -0.515420
7.018164, 12.634777, -0.513693
7.015490, 12.633120, -0.511258
7.001876, 12.628184, -0.510472
7.000429, 12.623218, -0.513971
6.993040, 12.621426, -0.509109
6.982185, 12.619858, -0.506475
6.966877, 12.614138, -0.503076
6.967133, 12.609521, -0.500028
6.971267, 12.605584, -0.501362
6.971483, 12.603672, -0.500273
6.966387, 12.604415, -0.505840
6.950784, 12.602133, -0.500921
6.943980, 12.601642, -0.498272
6.939588, 12.603196, -0.500497
6.937907, 12.601947, -0.501624
6.932128, 12.606379, -0.503805
6.939495, 12.614010, -0.508503
6.944302, 12.620725, -0.510461
6.942232, 12.623603, -0.511381
6.937281, 12.627500, -0.510471
6.942577, 12.633385, -0.515508
6.932764, 12.634344, -0.515917
6.940576, 12.636017, -0.512494
6.937368, 12.636448, -0.516220
6.944214, 12.636468, -0.517636
6.940278, 12.638852, -0.514092
6.936657, 12.639712, -0.514406
6.942622, 12.639392, -0.518661
6.941637, 12.640010, -0.516316
6.940332, 12.643067, -0.517073
6.945655, 12.645412, -0.517443
6.941543, 12.647086, -0.520860
6.949599, 12.645888, -0.522531
6.954594, 12.648415, -0.520754
6.959276, 12.645972, -0.517508
6.959909, 12.643404, -0.521776
6.965811, 12.646816, -0.523338
6.971628, 12.647937, -0.522209
6.968778, 12.649138, -0.521690
6.967864, 12.648632, -0.519818
6.963701, 12.648391, -0.520952
6.954542, 12.647887, -0.522748
6.953802, 12.649755, -0.520385
6.950922, 12.650680, -0.522579
6.960080, 12.654210, -0.524517
6.960615, 12.651035, -0.522747
6.959343, 12.651933, -0.521145
6.954793, 12.650937, -0.519757
6.958628, 12.649878, -0.519520
6.954664, 12.642133, -0.511638
6.957356, 12.635381, -0.511839
6.955759, 12.631180, -0.508561
6.952342, 12.626811, -0.507349
6.945982, 12.622801, -0.507797
6.949065, 12.618383, -0.507864
6.938881, 12.614672, -0.503246
6.930769, 12.609510, -0.503659
6.940472, 12.612718, -0.512293
6.943541, 12.614951, -0.512790
6.943860, 12.621130, -0.514716
6.945432, 12.621254, -0.517038
6.948554, 12.624176, -0.514750
6.943360, 12.631989, -0.520527
6.941621, 12.635210, -0.523609
6.948061, 12.640599, -0.525098
6.960900, 12.646466, -0.527294
6.967945, 12.652779, -0.527910
6.966092, 12.659137, -0.534160
6.968094, 12.664801, -0.532563
6.976726, 12.666787, -0.534940
6.968658, 12.668112, -0.532920
6.972529, 12.667031, -0.530913
6.967650, 12.666308, -0.529113
6.974809, 12.666790, -0.531505
6.978020, 12.673243, -0.535745
6.977810, 12.677043, -0.536685
6.979947, 12.681570, -0.537886
6.998682, 12.683484, -0.535266
7.002814, 12.684180, -0.539612
7.003620, 12.683508, -0.539341
6.999743, 12.685231, -0.540290
6.996670, 12.686132, -0.539920
6.999890, 12.684446, -0.535958
6.997972, 12.680751, -0.535474
7.001501, 12.679928, -0.538711
6.991477, 12.679755, -0.537163
6.995752, 12.680883, -0.537910
6.996614, 12.680798, -0.535925
6.992866, 12.676604, -0.535310
6.991628, 12.674159, -0.532197
7.000680, 12.671857, -0.532184
6.995263, 12.663065, -0.522381
6.991948, 12.658082, -0.513246
6.981037, 12.647250, -0.514825
6.984522, 12.641968, -0.514503
6.980382, 12.642224, -0.514923
6.986847, 12.653703, -0.529401
6.985804, 12.658717, -0.534966
6.989057, 12.662247, -0.536294
6.996361, 12.663174, -0.534466
7.003562, 12.667022, -0.533113
7.000935, 12.668886, -0.535126
7.008004, 12.668086, -0.536338
7.007429, 12.669851, -0.538721
7.004743, 12.673164, -0.536894
7.000901, 12.666222, -0.526824
7.001246, 12.661313, -0.524460
7.003534, 12.660329, -0.525699
6.989666, 12.657533, -0.522293
6.989455, 12.653370, -0.517599
6.983383, 12.645717, -0.516426
6.985297, 12.645210, -0.517380
6.989102, 12.641787, -0.522583
6.989482, 12.633193, -0.513016
6.973949, 12.627232, -0.513217
6.969407, 12.617959, -0.506628
6.973011, 12.613587, -0.503696
6.964797, 12.611782, -0.503411
6.968662, 12.609180, -0.504092
6.962523, 12.607090, -0.503663
6.951047, 12.601332, -0.502166
6.948639, 12.597590, -0.499024
6.947267, 12.605820, -0.510740
6.951296, 12.612336, -0.514115
6.947938, 12.616417, -0.516598
6.942921, 12.608083, -0.496008
6.934278, 12.598818, -0.493442
6.928164, 12.601764, -0.497624
6.930421, 12.607231, -0.500111
6.927007, 12.600117, -0.494901
6.921768, 12.592163, -0.496663
6.920650, 12.586513, -0.488997
6.914881, 12.585018, -0.493553
6.904822, 12.585460, -0.494113
6.894921, 12.583320, -0.493771
6.890320, 12.584038, -0.490255
6.885360, 12.584829, -0.492039
6.879640, 12.591181, -0.505651
6.876117, 12.600315, -0.509823
6.887621, 12.610938, -0.515876
6.895993, 12.617799, -0.514828
6.905937, 12.624353, -0.516182
6.915856, 12.628812, -0.516723
6.917876, 12.631422, -0.520975
6.921760, 12.636016, -0.521983
6.924585, 12.636694, -0.520150
6.927676, 12.639611, -0.519484
6.915517, 12.637380, -0.523503
6.912801, 12.639449, -0.517415
6.916268, 12.643017, -0.521382
6.924422, 12.641310, -0.523704
6.934738, 12.640832, -0.524634
6.937153, 12.642428, -0.521665
6.933338, 12.646765, -0.523130
6.935818, 12.648231, -0.523805
6.941724, 12.652347, -0.528063
6.942890, 12.656390, -0.530038
6.946495, 12.662491, -0.531241
6.961610, 12.669773, -0.536761
6.963654, 12.673506, -0.537436
6.962717, 12.672724, -0.526910
6.966233, 12.671065, -0.529098
6.973287, 12.673252, -0.530718
6.977939, 12.672541, -0.531353
6.983776, 12.673513, -0.531634
6.982788, 12.665687, -0.516231
6.982708, 12.656674, -0.514018
6.978280, 12.649088, -0.509019
6.963852, 12.643796, -0.504103
6.962726, 12.638253, -0.508112
6.949461, 12.629483, -0.504973
6.938687, 12.623238, -0.502542
6.932692, 12.614234, -0.495121
6.926829, 12.608213, -0.488690
6.916252, 12.603799, -0.488650
6.906930, 12.600558, -0.491321
6.908283, 12.595398, -0.490206
6.906764, 12.594904, -0.494380
6.904303, 12.592989, -0.487574
6.896888, 12.592496, -0.482606
6.899771, 12.592339, -0.486992
6.908058, 12.602044, -0.501139
6.918637, 12.616005, -0.508693
6.931537, 12.627564, -0.515235
6.939446, 12.638362, -0.518201
6.946510, 12.644313, -0.522172
6.954863, 12.653871, -0.527979
6.968276, 12.662979, -0.531103
6.980093, 12.669250, -0.535486
6.991866, 12.673759, -0.536000
6.990999, 12.681530, -0.539539
6.995253, 12.689592, -0.543632
7.005431, 12.694456, -0.547143
7.020653, 12.700409, -0.548949
7.030546, 12.708192, -0.552266
7.037014, 12.712099, -0.552256
7.055150, 12.714433, -0.553450
7.063955, 12.721793, -0.556516
7.067073, 12.727574, -0.559256
7.071881, 12.728053, -0.560120
7.080183, 12.730393, -0.560828
7.078567, 12.729596, -0.559941
7.083969, 12.731964, -0.562389
7.080143, 12.729970, -0.563269
7.072004, 12.722547, -0.554176
7.072797, 12.722404, -0.556159
7.082869, 12.720786, -0.553345
7.085679, 12.724190, -0.556172
7.091338, 12.719125, -0.551258
7.091773, 12.716205, -0.547429
7.080070, 12.710169, -0.539819
7.078759, 12.703293, -0.541355
7.062346, 12.693689, -0.542186
7.060818, 12.687936, -0.537650
7.058469, 12.686263, -0.535208
7.053963, 12.680885, -0.529604
7.052005, 12.678287, -0.532744
7.052886, 12.672537, -0.533276
7.043682, 12.669177, -0.530526
7.040510, 12.662562, -0.529583
7.033723, 12.663307, -0.531723
7.032414, 12.674860, -0.540456
7.038870, 12.688734, -0.546213
7.055177, 12.701417, -0.555483
7.079907, 12.715023, -0.559425
7.097269, 12.720193, -0.557643
7.100182, 12.723686, -0.561185
7.115911, 12.729092, -0.562461
7.129181, 12.733705, -0.563418
7.137172, 12.740297, -0.567204
7.143375, 12.743595, -0.571592
7.146512, 12.744693, -0.566876
7.153145, 12.745105, -0.570192
7.147911, 12.744251, -0.566262
7.156441, 12.744160, -0.568857
7.159221, 12.744382, -0.565194
7.159538, 12.743158, -0.567960
7.161191, 12.741106, -0.562641
7.156353, 12.730159, -0.557771
7.154175, 12.723215, -0.554986
7.137194, 12.714211, -0.546324
7.135715, 12.709431, -0.550272
7.131543, 12.709356, -0.552018
7.117215, 12.701712, -0.543532
7.112312, 12.696516, -0.543901
7.097325, 12.692526, -0.541703
7.084589, 12.688529, -0.541648
7.073254, 12.687705, -0.539591
7.074824, 12.688688, -0.543098
7.057103, 12.678059, -0.529616
7.050099, 12.671148, -0.529077
7.043966, 12.667253, -0.526845
7.040635, 12.663512, -0.522714
7.039129, 12.658949, -0.525191
7.030544, 12.651772, -0.521734
7.026212, 12.644406, -0.522269
7.017405, 12.640118, -0.515502
7.016818, 12.636990, -0.516628
7.008121, 12.633452, -0.514003
6.997889, 12.632383, -0.510787
6.997036, 12.632618, -0.515729
6.999169, 12.632208, -0.516349
6.995629, 12.630926, -0.515055
6.985361, 12.625847, -0.510990
6.984257, 12.623945, -0.510177
6.972849, 12.618806, -0.505473
6.960294, 12.619161, -0.502621
6.958043, 12.621211, -0.506610
6.956920, 12.627150, -0.513022
6.955619, 12.636459, -0.521243
6.969181, 12.648641, -0.524691
6.978499, 12.659815, -0.529243
6.982071, 12.666574, -0.533180
7.002097, 12.672724, -0.533697
7.007448, 12.672825, -0.536517
6.999217, 12.672612, -0.532561
7.016560, 12.677493, -0.534365
7.013372, 12.680769, -0.534521
7.021282, 12.682517, -0.537332
7.017917, 12.686612, -0.537777
7.016204, 12.690523, -0.541316
7.019736, 12.695141, -0.545743
7.024913, 12.696662, -0.540236
7.031558, 12.699259, -0.544207
7.034289, 12.698391, -0.540132
7.026154, 12.687057, -0.532496
7.011942, 12.674893, -0.527047
7.013452, 12.662667, -0.526448
7.001816, 12.652326, -0.517323
6.986998, 12.644961, -0.516441
6.973917, 12.638811, -0.511558
6.961324, 12.631307, -0.508647
6.952434, 12.626428, -0.507900
6.948306, 12.619270, -0.503101
6.936741, 12.612760, -0.500499
6.931718, 12.609463, -0.501891
6.926093, 12.606030, -0.498066
6.915478, 12.598876, -0.497641
6.910692, 12.599726, -0.498371
6.902861, 12.601336, -0.498929
6.906590, 12.597902, -0.496102
6.910481, 12.595832, -0.491766
6.902196, 12.595707, -0.490772
6.904957, 12.591450, -0.492419
6.896567, 12.593238, -0.497520
6.894092, 12.589880, -0.491826
6.887547, 12.585584, -0.493027
6.885089, 12.584535, -0.489072
6.883189, 12.584304, -0.489386
6.883961, 12.585046, -0.494555
6.888532, 12.582365, -0.489091
6.890445, 12.580945, -0.486526
6.885678, 12.581874, -0.490316
6.880605, 12.582193, -0.490412
6.880770, 12.583692, -0.492891
6.887297, 12.580539, -0.489139
6.887048, 12.580860, -0.495121
6.885471, 12.580637, -0.491481
6.889668, 12.579684, -0.492963
6.884281, 12.575770, -0.490514
6.876361, 12.575160, -0.485592
6.869473, 12.575204, -0.491150
6.881757, 12.575103, -0.492462
6.873649, 12.577810, -0.493503
6.882654, 12.577437, -0.492291
6.880689, 12.579619, -0.490605
6.866440, 12.583972, -0.488439
6.857140, 12.581637, -0.489708
6.858418, 12.583482, -0.488657
6.853452, 12.583674, -0.488808
6.847571, 12.585529, -0.491610
6.845551, 12.586435, -0.487474
6.876354, 12.584423, -0.447268
6.884531, 12.573326, -0.410236
6.896843, 12.576312, -0.416358
6.900746, 12.570976, -0.329582
6.904497, 12.571743, -0.329042
6.927770, 12.569034, -0.251823
6.934105, 12.575817, -0.230247
6.949293, 12.580306, -0.277256
6.950646, 12.594706, -0.279530
6.957614, 12.608070, -0.224923
6.958034, 12.620981, -0.201541
6.956870, 12.631644, -0.206057
6.984175, 12.640336, -0.219686
7.024049, 12.650028, -0.224125
7.049816, 12.661606, -0.245245
7.075103, 12.671267, -0.253050
7.055881, 12.685788, -0.258494
7.022745, 12.699138, -0.237420
7.006742, 12.710105, -0.224869
6.973914, 12.722331, -0.222469
6.934889, 12.735618, -0.214071
6.882462, 12.747932, -0.213457
6.842532, 12.760020, -0.214574
6.794921, 12.768014, -0.216036
6.718968, 12.776164, -0.218982
6.657006, 12.782271, -0.222337
6.589385, 12.789263, -0.234512
6.559315, 12.797918, -0.240821
6.520514, 12.799696, -0.239470
6.487586, 12.801961, -0.245011
6.447423, 12.802167, -0.231958
6.431144, 12.808275, -0.245985
6.423028, 12.811795, -0.246425
6.404512, 12.814949, -0.243528
6.384753, 12.813948, -0.245651
6.374125, 12.811959, -0.247546
6.352203, 12.812762, -0.261538
6.333557, 12.810640, -0.258791
6.356355, 12.805809, -0.226588
6.386936, 12.795793, -0.225620
6.414968, 12.793246, -0.223701
6.446393, 12.790601, -0.226917
6.457937, 12.788309, -0.224571
6.481534, 12.785974, -0.222660
6.495969, 12.779112, -0.223024
6.523782, 12.776927, -0.225129
6.532193, 12.778322, -0.219161
6.558313, 12.775338, -0.226631
6.574981, 12.774453, -0.225427
6.594969, 12.773924, -0.225887
6.598239, 12.770564, -0.223606
6.610937, 12.767338, -0.221782
6.628909, 12.767387, -0.225181
6.642873, 12.765821, -0.223335
6.662230, 12.769265, -0.224641
6.677206, 12.766427, -0.233607
6.689193, 12.766174, -0.225895
6.689779, 12.764921, -0.227853
6.697904, 12.760119, -0.222383
6.710656, 12.761300, -0.224562
6.713731, 12.759239, -0.218757
6.717755, 12.758087, -0.223562
6.723634, 12.759931, -0.225110
6.721454, 12.757998, -0.220012
6.723806, 12.760076, -0.224672
6.720801, 12.759157, -0.223241
6.721564, 12.759448, -0.223716
6.720781, 12.758441, -0.224558
6.717179, 12.758200, -0.221058
6.688128, 12.761181, -0.249763
6.673051, 12.765239, -0.239882
6.657467, 12.774119, -0.226735
6.659227, 12.778288, -0.293175
6.657942, 12.776377, -0.296857
6.651411, 12.774043, -0.298895
6.650346, 12.768176, -0.294641
6.659943, 12.765285, -0.295063
6.651625, 12.756214, -0.267281
6.617845, 12.751983, -0.273583
6.583991, 12.750687, -0.281136
6.545745, 12.751262, -0.278986
6.518487, 12.753025, -0.274013
6.496130, 12.756678, -0.276525
6.454014, 12.756368, -0.279363
6.419355, 12.761912, -0.277939
6.394842, 12.765382, -0.277928
6.375620, 12.775882, -0.284241
6.357166, 12.778793, -0.284520
6.325845, 12.780015, -0.291969
6.303673, 12.778015, -0.296014
6.293715, 12.774355, -0.309786
6.298785, 12.772877, -0.329987
6.341129, 12.763700, -0.318668
6.409879, 12.760188, -0.318387
6.464727, 12.753691, -0.326720
6.516911, 12.753539, -0.330499
6.570918, 12.751123, -0.329429
6.620334, 12.748679, -0.328133
6.671149, 12.745642, -0.333506
6.733230, 12.748230, -0.324870
6.816499, 12.750882, -0.333548
6.875897, 12.756924, -0.309583
6.942025, 12.758291, -0.310986
6.990270, 12.761127, -0.308424
7.033625, 12.755651, -0.314218
7.065571, 12.755531, -0.302755
7.107602, 12.753783, -0.300408
7.139691, 12.756170, -0.318794
7.188085, 12.754850, -0.318653
7.227569, 12.758417, -0.327512
7.273797, 12.762951, -0.329199
7.287105, 12.758717, -0.323913
7.310089, 12.762741, -0.326600
7.317146, 12.763701, -0.326133
7.337983, 12.762203, -0.319371
7.356040, 12.761185, -0.332981
7.362452, 12.761185, -0.327182
7.360428, 12.761488, -0.326646
7.365338, 12.761434, -0.331646
7.377042, 12.760643, -0.336457
7.377202, 12.759946, -0.324003
7.383571, 12.761178, -0.331053
7.393070, 12.756782, -0.329666
7.394991, 12.751258, -0.321489
7.396204, 12.746997, -0.326513
7.388572, 12.741489, -0.307972
7.396689, 12.737558, -0.324255
7.395682, 12.738439, -0.307639
7.393889, 12.734345, -0.307578
7.395854, 12.733921, -0.316072
7.383460, 12.731316, -0.311767
7.376789, 12.727033, -0.302638
7.372560, 12.725366, -0.301174
7.367367, 12.727975, -0.309355
7.355392, 12.721696, -0.312484
7.357556, 12.716573, -0.311288
7.349825, 12.714526, -0.299719
7.347364, 12.711290, -0.292560
7.345643, 12.709580, -0.293853
7.342192, 12.710268, -0.292112
7.336641, 12.710975, -0.302711
7.336635, 12.710053, -0.305572
7.332404, 12.708037, -0.299792
7.339563, 12.706622, -0.300312
7.329429, 12.702022, -0.300899
7.321225, 12.702286, -0.298186
7.310011, 12.701102, -0.285572
7.314203, 12.697150, -0.302170
7.310470, 12.695427, -0.294815
7.309065, 12.699374, -0.298044
7.301735, 12.695850, -0.286238
7.295443, 12.693287, -0.285301
7.291661, 12.690708, -0.290365
7.292577, 12.690476, -0.291373
7.287457, 12.690404, -0.287730
7.283411, 12.689998, -0.278995
7.282113, 12.690395, -0.290533
7.286151, 12.691824, -0.288795
7.279527, 12.691040, -0.297340
7.281290, 12.688654, -0.289311
7.286690, 12.688582, -0.280863
7.295009, 12.686363, -0.295327
7.294465, 12.683603, -0.280146
7.302089, 12.683643, -0.295620
7.308761, 12.682818, -0.279714
7.311734, 12.680993, -0.289777
7.297530, 12.680367, -0.281181
7.294829, 12.678024, -0.276815
7.304994, 12.680020, -0.292456
7.295608, 12.678849, -0.281417
7.290119, 12.676133, -0.290358
7.289528, 12.676589, -0.284725
7.286244, 12.677684, -0.292966
7.275181, 12.678841, -0.276185
7.275823, 12.677373, -0.273615
7.267942, 12.674670, -0.286443
7.269398, 12.675281, -0.286167
7.263089, 12.672008, -0.287334
7.262859, 12.670575, -0.271189
7.264004, 12.672898, -0.290104
7.265356, 12.674440, -0.279724
7.270018, 12.675552, -0.288982
7.268779, 12.675618, -0.277985
7.274944, 12.677006, -0.282401
7.275858, 12.675080, -0.291023
7.285151, 12.676279, -0.284113
7.290803, 12.678412, -0.292111
7.291483, 12.677071, -0.291129
7.291294, 12.678606, -0.294725
7.299270, 12.683123, -0.289440
7.300179, 12.680077, -0.295967
7.299706, 12.679554, -0.291915
7.291864, 12.676193, -0.295319
7.289942, 12.676509, -0.285286
7.281715, 12.677318, -0.286091
7.284567, 12.674806, -0.286736
7.268640, 12.674634, -0.281939
7.271659, 12.673854, -0.286982
7.274956, 12.677187, -0.292997
7.276130, 12.678816, -0.290053
7.275021, 12.679172, -0.286717
7.273234, 12.678668, -0.291981
7.274461, 12.678315, -0.287588
7.278132, 12.677948, -0.291174
7.280538, 12.679061, -0.278003
7.284381, 12.678866, -0.291986
7.285172, 12.679207, -0.277716
7.282455, 12.679017, -0.278186
7.276582, 12.675116, -0.282593
7.275257, 12.675419, -0.289496
7.275493, 12.674602, -0.275381
7.277251, 12.674011, -0.291125
7.281975, 12.674428, -0.292151
7.284469, 12.675717, -0.279869
7.285889, 12.674085, -0.272131
7.291052, 12.679171, -0.286289
7.291831, 12.677105, -0.293256
7.283656, 12.680052, -0.285028
7.290700, 12.680118, -0.287591
7.284524, 12.678813, -0.279572
7.282483, 12.678266, -0.293029
7.280171, 12.679340, -0.290149
7.284035, 12.681696, -0.278631
7.292313, 12.683355, -0.290615
7.297086, 12.683396, -0.293682
7.298494, 12.680578, -0.293645
7.307618, 12.681913, -0.279942
7.305849, 12.683384, -0.275694
7.304034, 12.681631, -0.294131
7.300861, 12.681959, -0.276039
7.297549, 12.682004, -0.289320
7.298400, 12.679941, -0.286008
7.299475, 12.680458, -0.285690
7.294766, 12.679824, -0.290600
7.291973, 12.677748, -0.292896
7.296564, 12.675958, -0.293159
7.294251, 12.674550, -0.286704
7.286460, 12.672797, -0.283922
7.292848, 12.675920, -0.278183
7.291652, 12.675684, -0.273807
7.286155, 12.676273, -0.272210
7.281010, 12.675776, -0.279442
7.294465, 12.675879, -0.291788
7.287302, 12.672569, -0.283653
7.279042, 12.672865, -0.282169
7.286510, 12.673126, -0.283432
7.275958, 12.674137, -0.272104
7.278251, 12.674895, -0.283103
7.275942, 12.677679, -0.284418
7.273108, 12.675369, -0.275234
7.282172, 12.675907, -0.283407
7.289986, 12.673778, -0.280863
7.300228, 12.673647, -0.270966
7.296578, 12.674379, -0.282005
7.300583, 12.675325, -0.289249
7.301834, 12.676773, -0.276990
7.301432, 12.674212, -0.284061
7.302967, 12.673450, -0.292813
7.300175, 12.671223, -0.293575
7.298810, 12.671688, -0.277264
7.286809, 12.670242, -0.283381
7.287961, 12.670808, -0.292137
7.272046, 12.669648, -0.272273
7.277730, 12.675446, -0.283853
7.268747, 12.672348, -0.289836
7.261944, 12.672700, -0.287160
7.266084, 12.670635, -0.280187
7.263518, 12.669671, -0.284447
7.254584, 12.667074, -0.274396
7.250230, 12.666082, -0.286346
7.248896, 12.665166, -0.280749
7.256212, 12.665800, -0.274372
7.252285, 12.665717, -0.282556
7.254048, 12.668225, -0.288669
7.251414, 12.668245, -0.285178
7.242175, 12.667855, -0.277875
7.235311, 12.667735, -0.271685
7.238375, 12.667249, -0.284783
7.238160, 12.666212, -0.285749
7.233350, 12.666556, -0.281522
7.232577, 12.666995, -0.285166
7.236060, 12.666701, -0.269244
7.243829, 12.669128, -0.284026
7.260031, 12.673317, -0.276878
7.252965, 12.672798, -0.284891
7.252986, 12.673562, -0.285105
7.255933, 12.673956, -0.280444
7.262249, 12.672899, -0.282779
7.259615, 12.673802, -0.276733
7.254820, 12.670759, -0.278702
7.253350, 12.668371, -0.272488
7.258749, 12.666615, -0.268001
7.263172, 12.667893, -0.281869
7.258251, 12.667847, -0.271573
7.259456, 12.667864, -0.277316
7.269750, 12.669045, -0.272347
7.266299, 12.671147, -0.269690
7.281328, 12.674561, -0.290372
7.281057, 12.675262, -0.277548
7.285873, 12.679232, -0.289000
7.280582, 12.681839, -0.290003
7.280295, 12.681884, -0.294944
7.279290, 12.684750, -0.297232
7.287427, 12.692911, -0.290354
7.297608, 12.698806, -0.295827
7.290032, 12.701206, -0.288981
7.287292, 12.706186, -0.303111
7.293777, 12.709149, -0.296559
7.299199, 12.709486, -0.303036
7.312167, 12.714827, -0.304532
7.313092, 12.717284, -0.313609
7.319389, 12.721602, -0.309815
7.330220, 12.724447, -0.304911
7.340452, 12.726394, -0.310737
7.359891, 12.741629, -0.315804
7.368928, 12.752534, -0.322974
7.379135, 12.762494, -0.328093
7.386943, 12.771048, -0.335425
7.394652, 12.777494, -0.332143
7.400183, 12.782721, -0.348494
7.415033, 12.788026, -0.347153
7.411246, 12.790033, -0.346285
7.421158, 12.794712, -0.347617
7.433206, 12.797310, -0.351694
7.446049, 12.802006, -0.353760
7.454600, 12.804323, -0.353776
7.456090, 12.804072, -0.358420
7.467218, 12.805590, -0.365288
7.466067, 12.808270, -0.358803
7.476340, 12.809457, -0.352752
7.476360, 12.808690, -0.350944
7.483419, 12.811221, -0.347706
7.476614, 12.812883, -0.354637
7.478963, 12.815891, -0.357075
7.482570, 12.814280, -0.361105
7.485580, 12.808199, -0.351933
7.486353, 12.796668, -0.344111
7.476094, 12.791742, -0.342250
7.465987, 12.782424, -0.335385
7.446434, 12.774648, -0.330926
7.437249, 12.766186, -0.322326
7.433574, 12.758809, -0.321618
7.432026, 12.754742, -0.324545
7.419240, 12.750556, -0.318460
7.420992, 12.743689, -0.316457
7.415315, 12.737823, -0.305620
7.413285, 12.732364, -0.305975
7.398372, 12.728459, -0.316308
7.390772, 12.722913, -0.306540
7.377226, 12.717626, -0.297382
7.370110, 12.714918, -0.294587
7.360357, 12.713629, -0.301735
7.346982, 12.708945, -0.300067
7.338308, 12.701946, -0.297027
7.335761, 12.699389, -0.300834
7.331532, 12.698803, -0.302109
7.333914, 12.697306, -0.304616
7.327063, 12.692170, -0.302506
7.336243, 12.695231, -0.302732
7.337936, 12.693845, -0.289357
7.342439, 12.693574, -0.295337
7.343679, 12.694313, -0.290116
7.341489, 12.694130, -0.287252
7.334910, 12.693648, -0.297298
7.327747, 12.693979, -0.298537
7.324419, 12.696871, -0.288054
7.327021, 12.703584, -0.290752
7.332030, 12.711679, -0.304542
7.335979, 12.717490, -0.310593
7.341287, 12.723784, -0.315533
7.349389, 12.729625, -0.322634
7.365536, 12.743385, -0.328405
7.382730, 12.757264, -0.334601
7.391138, 12.768832, -0.335618
7.400551, 12.783875, -0.344166
7.403973, 12.792035, -0.349485
7.423381, 12.803857, -0.343445
7.430398, 12.809120, -0.357092
7.436400, 12.813065, -0.348151
7.446618, 12.818671, -0.355272
7.447438, 12.823162, -0.358712
7.459049, 12.827146, -0.363554
7.477174, 12.829895, -0.367864
7.488176, 12.832938, -0.361938
7.501737, 12.839208, -0.364240
7.515248, 12.843035, -0.365501
7.519923, 12.843898, -0.371742
7.527219, 12.844697, -0.373048
7.537766, 12.844921, -0.375854
7.556248, 12.846143, -0.377607
7.562493, 12.838650, -0.368171
7.557800, 12.834170, -0.373412
7.558445, 12.835168, -0.372951
7.558352, 12.833757, -0.362233
7.570435, 12.829157, -0.373928
7.563563, 12.825706, -0.362054
7.565416, 12.823156, -0.360962
7.567953, 12.816178, -0.353608
7.565926, 12.816510, -0.361386
7.578366, 12.818092, -0.373782
7.582583, 12.815187, -0.364465
7.588306, 12.813687, -0.370357
7.594808, 12.817489, -0.370377
7.601104, 12.823330, -0.369385
7.601772, 12.828160, -0.378389
7.608942, 12.832205, -0.375804
7.615737, 12.830838, -0.379030
7.625477, 12.830006, -0.383694
7.633964, 12.832335, -0.384867
7.640067, 12.833807, -0.374572
7.643755, 12.836286, -0.381882
7.643077, 12.837603, -0.378422
7.640524, 12.838106, -0.380899
7.641776, 12.837616, -0.376688
7.640946, 12.834760, -0.380564
7.649710, 12.835319, -0.376330
7.648535, 12.836702, -0.374161
7.647301, 12.835277, -0.381649
7.646489, 12.834282, -0.383018
7.647665, 12.831291, -0.379996
7.654105, 12.829612, -0.376624
7.648381, 12.831049, -0.378732
7.645873, 12.830006, -0.369933
7.634103, 12.828113, -0.372712
7.625827, 12.823660, -0.357838
7.620031, 12.821933, -0.360324
7.614352, 12.819861, -0.363713
7.609892, 12.814919, -0.368743
7.594391, 12.807800, -0.350710
7.591517, 12.801997, -0.358168
7.576313, 12.798100, -0.346771
7.567350, 12.790691, -0.352614
7.558688, 12.782556, -0.340944
7.556890, 12.776114, -0.346443
7.550589, 12.766598, -0.333391
7.544208, 12.755884, -0.331380
7.524486, 12.744371, -0.320187
7.503601, 12.730224, -0.312025
7.481368, 12.714728, -0.305715
7.465215, 12.700264, -0.301318
7.451957, 12.691018, -0.299995
7.434385, 12.681028, -0.289904
7.415859, 12.669038, -0.288576
7.400579, 12.659694, -0.278480
7.383167, 12.650251, -0.275335
7.368535, 12.642288, -0.274656
7.354036, 12.637172, -0.269082
7.344906, 12.634068, -0.260896
7.336428, 12.637619, -0.274504
7.331590, 12.641913, -0.273906
7.329322, 12.647317, -0.271647
7.328365, 12.656508, -0.286957
7.325438, 12.659741, -0.295755
7.330712, 12.666895, -0.288418
7.339954, 12.674528, -0.295189
7.344440, 12.678920, -0.289940
7.335985, 12.684552, -0.290361
7.334689, 12.686962, -0.300590
7.336632, 12.691885, -0.304935
7.339449, 12.693342, -0.296232
7.346443, 12.695100, -0.294613
7.341812, 12.692918, -0.302541
7.338598, 12.694978, -0.294649
7.341828, 12.698258, -0.294895
7.350022, 12.698685, -0.297779
7.350995, 12.693573, -0.302213
7.343023, 12.690813, -0.296035
7.331288, 12.691571, -0.302881
7.340839, 12.698036, -0.314133
7.337017, 12.703933, -0.304566
7.346563, 12.708595, -0.319870
7.349159, 12.714517, -0.324645
7.351266, 12.717422, -0.312240
7.355664, 12.722674, -0.320822
7.369043, 12.732112, -0.326505
7.390288, 12.746128, -0.334477
7.397913, 12.758350, -0.339670
7.413158, 12.767805, -0.345100
7.413734, 12.774553, -0.340533
7.424248, 12.780737, -0.353248
7.437028, 12.788531, -0.345361
7.447849, 12.791969, -0.356943
7.449046, 12.796624, -0.354932
7.454245, 12.799633, -0.348008
7.472582, 12.804810, -0.358107
7.482119, 12.809512, -0.361832
7.485836, 12.810731, -0.361444
7.495648, 12.812068, -0.359428
7.504018, 12.812910, -0.353407
7.503442, 12.812973, -0.358570
7.499654, 12.814638, -0.357336
7.501214, 12.814480, -0.361907
7.513063, 12.817817, -0.364104
7.519410, 12.817554, -0.365146
7.522069, 12.817943, -0.370539
7.532756, 12.814840, -0.357585
7.530327, 12.806684, -0.356106
7.520257, 12.801471, -0.355604
7.525669, 12.796473, -0.357309
7.531817, 12.792122, -0.381299
7.508750, 12.794262, -0.397901
7.491694, 12.796881, -0.360079
7.486757, 12.796315, -0.322280
7.455417, 12.798714, -0.317659
7.406270, 12.799891, -0.306153
7.374746, 12.800963, -0.255544
7.336131, 12.805182, -0.231016
7.285930, 12.811210, -0.205429
7.252949, 12.815863, -0.182134
7.242764, 12.817040, -0.141429
7.205644, 12.823287, -0.109709
7.155086, 12.831318, -0.097210
7.128330, 12.840681, -0.052680
7.088585, 12.854377, -0.000898
7.057113, 12.861772, 0.042022
7.016472, 12.866304, 0.044466
6.981262, 12.880762, 0.059448
6.945438, 12.890506, 0.063480
6.891249, 12.891380, 0.065510
6.855959, 12.891431, 0.068713
6.825949, 12.894551, 0.063541
6.769926, 12.895565, 0.063752
6.716878, 12.895753, 0.069610
6.677370, 12.891904, 0.074118
6.662877, 12.894723, 0.073725
6.627967, 12.893140, 0.109450
6.597841, 12.889010, 0.119812
6.564833, 12.888441, 0.138652
6.549844, 12.891205, 0.147975
6.507105, 12.888845, 0.158962
6.469408, 12.889819, 0.155144
6.434343, 12.894807, 0.159250
6.407281, 12.899101, 0.153553
6.364536, 12.900924, 0.154652
6.328872, 12.903385, 0.148347
6.305449, 12.904029, 0.145147
6.272053, 12.907403, 0.145239
6.251448, 12.911694, 0.143833
6.229375, 12.909181, 0.142303
6.207885, 12.912771, 0.144763
6.190983, 12.913243, 0.142862
6.180609, 12.913478, 0.130240
6.167491, 12.911295, 0.128288
6.156101, 12.909267, 0.124225
6.154576, 12.908131, 0.123278
6.147928, 12.906955, 0.118258
6.153111, 12.902870, 0.116383
6.136102, 12.897923, 0.124953
6.139240, 12.893269, 0.122494
6.135087, 12.893053, 0.124370
6.119068, 12.889162, 0.124572
6.120095, 12.884384, 0.127291
6.116062, 12.883643, 0.128372
6.109599, 12.879895, 0.130622
6.101653, 12.877624, 0.133490
6.102461, 12.871366, 0.136111
6.095251, 12.870185, 0.133170
6.090702, 12.869063, 0.133019
6.069077, 12.861869, 0.133339
6.060562, 12.860958, 0.137188
6.062242, 12.855205, 0.139297
6.065065, 12.854579, 0.139862
6.055066, 12.855644, 0.138326
6.059193, 12.856608, 0.138488
6.052012, 12.855242, 0.139495
6.037187, 12.848586, 0.142732
6.031183, 12.840742, 0.139251
6.032407, 12.843678, 0.142752
6.016006, 12.847644, 0.091571
6.017366, 12.850424, 0.062752
6.016993, 12.844870, 0.059326
6.005083, 12.854786, 0.017689
6.013887, 12.856113, -0.004306
6.008061, 12.856176, -0.008671
6.008707, 12.854382, -0.012062
6.003721, 12.853713, -0.015997
5.999548, 12.852096, -0.021320
6.004233, 12.850712, -0.021224
5.993333, 12.850901, -0.021916
5.987478, 12.848114, -0.009748
5.996505, 12.848009, -0.011666
5.993660, 12.847975, -0.015865
5.980944, 12.838659, -0.009145
5.972067, 12.836109, -0.001119
5.986150, 12.835048, -0.017885
5.984636, 12.828581, -0.005049
5.986060, 12.828859, -0.011402
5.994046, 12.829620, -0.021306
6.009921, 12.832643, -0.026790
6.003683, 12.834991, -0.017610
6.016667, 12.832543, 0.002032
6.033419, 12.827375, -0.028738
6.059639, 12.822413, -0.029147
6.027779, 12.824370, -0.055667
6.007842, 12.832903, -0.057940
5.997733, 12.834408, -0.058675
6.022270, 12.831269, -0.032129
6.046511, 12.826601, -0.029014
6.070858, 12.824051, -0.028342
6.098947, 12.816494, -0.026874
6.125070, 12.816662, -0.029059
6.139182, 12.814515, -0.032566
6.162059, 12.812530, -0.039955
6.134796, 12.820306, -0.065872
6.124343, 12.829656, -0.070841
6.108179, 12.836707, -0.073099
6.092426, 12.839627, -0.076134
6.082294, 12.843997, -0.077712
6.077476, 12.848217, -0.077241
6.068114, 12.849733, -0.078081
6.053794, 12.852740, -0.079024
6.029441, 12.857300, -0.080315
6.017217, 12.861468, -0.081455
6.013772, 12.862066, -0.080555
5.994534, 12.862480, -0.081230
5.981928, 12.865758, -0.083330
5.980327, 12.864696, -0.081585
5.979266, 12.865614, -0.080717
5.969281, 12.865637, -0.081019
5.973814, 12.866962, -0.086949
5.969249, 12.869668, -0.078557
5.961869, 12.867689, -0.084794
5.960440, 12.868720, -0.074418
5.959749, 12.876206, -0.084512
5.959570, 12.876603, -0.078274
5.967680, 12.879853, -0.075898
5.960947, 12.880589, -0.072528
5.957872, 12.880753, -0.076607
5.952677, 12.883575, -0.073963
5.947236, 12.887790, -0.077982
5.948391, 12.890383, -0.074878
5.950812, 12.889284, -0.078835
5.951524, 12.887590, -0.082591
5.938897, 12.883227, -0.073971
5.935830, 12.885990, -0.075851
5.933655, 12.884839, -0.075820
5.921568, 12.884042, -0.075729
5.905347, 12.882936, -0.075310
5.895339, 12.887573, -0.074800
5.898078, 12.891674, -0.076041
5.897813, 12.892311, -0.076199
5.904180, 12.892892, -0.075379
5.908167, 12.895015, -0.074947
5.902222, 12.896355, -0.076061
5.892724, 12.894559, -0.078883
5.884363, 12.894927, -0.076973
5.873630, 12.897078, -0.078064
5.875190, 12.898243, -0.078842
5.855631, 12.893223, -0.077075
5.858183, 12.893631, -0.075310
5.853482, 12.891276, -0.075392
5.843609, 12.890275, -0.072228
5.837099, 12.889659, -0.072721
5.839150, 12.887764, -0.075139
5.830033, 12.887979, -0.072923
5.831075, 12.890176, -0.074742
5.847269, 12.892421, -0.072200
5.861719, 12.893231, -0.075843
5.850315, 12.895749, -0.074090
5.842207, 12.895239, -0.076913
5.845556, 12.898372, -0.079954
5.839301, 12.899824, -0.076602
5.838856, 12.901381, -0.074217
5.838225, 12.900069, -0.082365
5.833654, 12.897351, -0.076372
5.827545, 12.897316, -0.077239
5.822623, 12.897906, -0.078243
5.818567, 12.899133, -0.073879
5.819038, 12.898713, -0.075222
5.811746, 12.895758, -0.073968
5.809704, 12.893350, -0.074864
5.808261, 12.888739, -0.071932
5.802129, 12.888211, -0.070093
5.804036, 12.886737, -0.070679
5.801544, 12.883298, -0.071741
5.804750, 12.885166, -0.070106
5.800544, 12.884250, -0.069420
5.799038, 12.882169, -0.067658
5.793501, 12.880826, -0.070730
5.790856, 12.879216, -0.071412
5.798139, 12.881155, -0.073223
5.796082, 12.882073, -0.070268
5.799069, 12.881977, -0.069319
5.805378, 12.882678, -0.068043
5.810622, 12.884637, -0.068916
5.795782, 12.883390, -0.067286
5.798708, 12.883717, -0.072103
5.795948, 12.884394, -0.067531
5.794539, 12.883377, -0.070150
5.792184, 12.885290, -0.071005
5.787284, 12.888381, -0.067344
5.785574, 12.892690, -0.071398
5.785607, 12.894198, -0.071370
5.783583, 12.893271, -0.073147
5.785976, 12.893551, -0.072446
5.790909, 12.892509, -0.073015
5.788594, 12.889180, -0.073406
5.781402, 12.892553, -0.072783
5.770247, 12.891536, -0.067674
5.771822, 12.890203, -0.071129
5.778757, 12.889350, -0.071556
5.796148, 12.892854, -0.077204
5.801280, 12.892427, -0.072015
5.804504, 12.893987, -0.071631
5.806058, 12.893698, -0.075988
5.813870, 12.891583, -0.071847
5.814574, 12.892709, -0.072407
5.811038, 12.892865, -0.071847
5.813141, 12.894452, -0.074378
5.817418, 12.891586, -0.075394
5.810199, 12.890564, -0.076644
5.815848, 12.892069, -0.072988
5.824243, 12.891460, -0.071022
5.810776, 12.890246, -0.071233
5.804054, 12.892017, -0.071663
5.804281, 12.893683, -0.071776
5.805971, 12.893762, -0.072977
5.805892, 12.891675, -0.071980
5.808599, 12.889106, -0.070234
5.815778, 12.887370, -0.074964
5.814797, 12.886424, -0.071807
5.826547, 12.890010, -0.070140
5.828634, 12.889503, -0.073711
5.819844, 12.887356, -0.067473
5.827211, 12.888732, -0.073882
5.822763, 12.890575, -0.074247
5.830461, 12.886493, -0.073171
5.826133, 12.888455, -0.074191
5.824131, 12.892814, -0.071415
5.820335, 12.894479, -0.076069
5.816140, 12.893837, -0.072460
5.812056, 12.894471, -0.071163
5.808873, 12.894000, -0.072298
5.810483, 12.893581, -0.074473
5.807706, 12.891779, -0.073998
5.803945, 12.889221, -0.070983
5.804454, 12.893248, -0.074695
5.804780, 12.895530, -0.075034
5.810188, 12.895200, -0.074017
5.810613, 12.893902, -0.071450
5.826813, 12.898267, -0.073894
5.831072, 12.898832, -0.075073
5.829339, 12.896704, -0.075333
5.821179, 12.898416, -0.076005
5.824369, 12.899018, -0.075550
5.824855, 12.896527, -0.076195
5.829214, 12.898285, -0.075211
5.819199, 12.897424, -0.074049
5.823386, 12.895530, -0.072587
5.817351, 12.893164, -0.075226
5.816978, 12.893774, -0.072457
5.809019, 12.896140, -0.076107
5.809786, 12.898245, -0.074985
5.809113, 12.900864, -0.076072
5.808952, 12.896474, -0.073875
5.798516, 12.896727, -0.073284
5.798825, 12.893742, -0.071774
5.795029, 12.895751, -0.076215
5.796910, 12.897202, -0.074420
5.790917, 12.897854, -0.071891
5.790558, 12.896795, -0.075163
5.788683, 12.892561, -0.072287
5.791562, 12.896800, -0.071088
5.784803, 12.895190, -0.072707
5.782656, 12.896180, -0.070734
5.782852, 12.898468, -0.072830
5.789162, 12.898494, -0.074366
5.782159, 12.894471, -0.072355
5.789094, 12.893822, -0.073227
5.794663, 12.892960, -0.071887
5.784655, 12.891859, -0.074114
5.790255, 12.892246, -0.070805
5.793809, 12.891129, -0.073495
5.798943, 12.890053, -0.071362
5.806827, 12.890246, -0.072041
5.819035, 12.893690, -0.073638
5.818156, 12.892925, -0.075597
5.826612, 12.895027, -0.071423
5.824724, 12.895501, -0.072634
5.831996, 12.898593, -0.074620
5.829606, 12.902882, -0.072728
5.848423, 12.902752, -0.076500
5.843675, 12.901250, -0.077921
5.836636, 12.900142, -0.075319
5.841254, 12.897939, -0.072083
5.834025, 12.899038, -0.074873
5.832806, 12.900876, -0.076273
5.824119, 12.900292, -0.076007
5.820844, 12.901911, -0.076446
5.832071, 12.899249, -0.078604
5.835878, 12.898181, -0.080400
5.833595, 12.895501, -0.076766
5.830849, 12.896953, -0.073690
5.817340, 12.897695, -0.073814
5.802908, 12.896536, -0.072162
5.800532, 12.898820, -0.071127
5.797330, 12.897594, -0.074760
5.801662, 12.898942, -0.071931
5.799386, 12.896680, -0.074254
5.791578, 12.894055, -0.072092
5.783068, 12.892345, -0.072262
5.789804, 12.887847, -0.069145
5.794325, 12.890291, -0.070707
5.805459, 12.889987, -0.073120
5.805886, 12.890309, -0.072331
5.808770, 12.891622, -0.071303
5.803787, 12.893574, -0.072448
5.801429, 12.889319, -0.068611
5.804276, 12.892365, -0.073624
5.796270, 12.890890, -0.070548
5.788523, 12.889756, -0.069829
5.784884, 12.891063, -0.070106
5.782590, 12.891933, -0.073486
5.783051, 12.892404, -0.072787
5.777009, 12.889809, -0.072735
5.776495, 12.887909, -0.070645
5.776110, 12.886881, -0.070717
5.782681, 12.889319, -0.068669
5.786283, 12.885426, -0.069202
5.794559, 12.887173, -0.070394
5.798458, 12.887997, -0.072010
5.798123, 12.891323, -0.070335
5.804276, 12.891806, -0.075485
5.803927, 12.889281, -0.073108
5.806120, 12.890972, -0.072947
5.804277, 12.890264, -0.070929
5.811433, 12.893527, -0.072461
5.817982, 12.898622, -0.075205
5.826341, 12.899271, -0.075131
5.820507, 12.900678, -0.075847
5.827609, 12.900459, -0.074145
5.831157, 12.896711, -0.076386
5.828786, 12.897289, -0.072287
5.810914, 12.898298, -0.072785
5.806933, 12.900035, -0.071567
5.811446, 12.904159, -0.078985
5.823520, 12.908265, -0.076564
5.833987, 12.903675, -0.072478
5.828768, 12.900518, -0.075805
5.827450, 12.900256, -0.075238
5.841054, 12.899941, -0.076515
5.839036, 12.898773, -0.073993
5.839364, 12.899473, -0.076057
5.845449, 12.900654, -0.076730
5.835174, 12.899518, -0.076925
5.827405, 12.896850, -0.073088
5.814145, 12.896241, -0.074344
5.808150, 12.893566, -0.073225
5.810116, 12.895566, -0.074393
5.794010, 12.893128, -0.073331
5.789893, 12.895244, -0.071007
5.787875, 12.892609, -0.074523
5.789445, 12.888200, -0.072327
5.789794, 12.887939, -0.068771
5.786784, 12.888815, -0.068817
5.787641, 12.886794, -0.071472
5.795636, 12.888664, -0.072668
5.806777, 12.891194, -0.073817
5.810972, 12.892750, -0.071274
5.806440, 12.893834, -0.072910
5.792948, 12.892699, -0.068829
5.787116, 12.891279, -0.068258
5.782901, 12.888259, -0.074432
5.784599, 12.892014, -0.071680
5.798466, 12.891214, -0.069540
5.794470, 12.892377, -0.071474
5.793919, 12.894525, -0.072418
5.797007, 12.893212, -0.074006
5.790004, 12.892580, -0.069618
5.784321, 12.892456, -0.069414
5.783873, 12.890667, -0.075870
5.777228, 12.887823, -0.074799
5.772113, 12.888334, -0.070932
5.750965, 12.887719, -0.066819
5.742743, 12.884645, -0.069855
5.740029, 12.883043, -0.067905
5.746449, 12.884798, -0.067376
5.744526, 12.885306, -0.069447
5.747859, 12.887921, -0.069544
5.738252, 12.885335, -0.067374
5.744162, 12.885407, -0.073077
5.738813, 12.887471, -0.071888
5.738790, 12.885103, -0.069174
5.749568, 12.885531, -0.069885
5.752130, 12.886622, -0.071125
5.756254, 12.888590, -0.068592
5.768173, 12.890152, -0.070837
5.792739, 12.891117, -0.072126
5.788838, 12.892796, -0.071540
5.784941, 12.893034, -0.068957
5.792451, 12.892092, -0.072539
5.796230, 12.896245, -0.075013
5.789702, 12.894583, -0.071348
5.781462, 12.893586, -0.070499
5.792391, 12.895188, -0.074284
5.791047, 12.893614, -0.073780
5.791402, 12.896594, -0.073555
5.793757, 12.896767, -0.072971
5.800846, 12.897707, -0.075576
5.791103, 12.897370, -0.074215
5.793620, 12.895020, -0.072515
5.786093, 12.892446, -0.068611
5.780615, 12.894931, -0.072522
5.786881, 12.893443, -0.072880
5.789064, 12.892132, -0.067983
5.781673, 12.889644, -0.071704
5.785246, 12.886712, -0.069004
5.785758, 12.889019, -0.072906
5.788810, 12.888883, -0.070398
5.783645, 12.889891, -0.070578
5.789923, 12.890395, -0.067756
5.790166, 12.892660, -0.070879
5.781246, 12.891877, -0.069015
5.786648, 12.895604, -0.070625
5.786284, 12.897690, -0.072666
5.791668, 12.895811, -0.071144
5.786524, 12.899235, -0.073054
5.772510, 12.896527, -0.073103
5.769034, 12.897881, -0.074908
5.767064, 12.895513, -0.074313
5.775603, 12.893391, -0.073785
5.777754, 12.893180, -0.072606
5.785994, 12.892357, -0.071537
5.784103, 12.891103, -0.072723
5.787403, 12.890802, -0.071574
5.771494, 12.887391, -0.071507
5.773897, 12.886012, -0.068085
5.769079, 12.884913, -0.068931
5.763407, 12.882491, -0.069060
5.754307, 12.880535, -0.064946
5.744998, 12.880484, -0.063450
5.736411, 12.878041, -0.064310
5.739544, 12.880127, -0.067883
5.741090, 12.882358, -0.069259
5.747251, 12.882455, -0.067827
5.751164, 12.885336, -0.072196
5.751471, 12.885620, -0.067774
5.743202, 12.887310, -0.076070
5.732879, 12.885462, -0.066946
5.718072, 12.881796, -0.065459
5.718101, 12.881410, -0.063947
5.719075, 12.883133, -0.066454
5.722717, 12.882971, -0.066800
5.727783, 12.882831, -0.070773
5.731734, 12.885720, -0.067431
5.733245, 12.885362, -0.065572
5.729538, 12.884438, -0.070638
5.732288, 12.887141, -0.071348
5.734474, 12.885460, -0.069897
5.739072, 12.886655, -0.063933
5.745509, 12.887318, -0.070604
5.742087, 12.888513, -0.070113
5.739287, 12.890964, -0.071456
5.738795, 12.892080, -0.067561
5.729296, 12.890117, -0.070367
5.732843, 12.892429, -0.067292
5.735299, 12.890496, -0.069217
5.738179, 12.890917, -0.072582
5.739230, 12.892978, -0.070854
5.738444, 12.890688, -0.072206
5.751641, 12.891596, -0.072458
5.748561, 12.888098, -0.069925
5.755010, 12.888699, -0.073352
5.755887, 12.888891, -0.067286
5.755851, 12.885624, -0.068839
5.762488, 12.888376, -0.069603
5.774701, 12.887719, -0.067892
5.774276, 12.887177, -0.068303
5.773459, 12.890126, -0.070176
5.772758, 12.887303, -0.071730
5.765910, 12.890993, -0.065838
5.755202, 12.890993, -0.071774
5.769891, 12.894287, -0.070522
5.772017, 12.894555, -0.071290
5.774808, 12.893664, -0.068975
5.773811, 12.893852, -0.074334
5.764878, 12.892620, -0.071142
5.757283, 12.891316, -0.070365
5.754007, 12.891255, -0.066897
5.747404, 12.889135, -0.070020
5.747720, 12.887432, -0.071165
5.750800, 12.887992, -0.071176
5.760596, 12.887934, -0.070749
5.761833, 12.891555, -0.070156
5.764880, 12.893948, -0.073555
5.763739, 12.896435, -0.071334
5.778508, 12.894850, -0.075256
5.780322, 12.895288, -0.073487
5.781127, 12.894583, -0.069111
5.766222, 12.893751, -0.070817
5.771250, 12.890332, -0.067918
5.773654, 12.892151, -0.075001
5.777365, 12.890809, -0.073816
5.773850, 12.890320, -0.071112
5.770956, 12.889118, -0.073398
5.773865, 12.887438, -0.068566
5.776865, 12.883934, -0.071260
5.779192, 12.885310, -0.069147
5.785296, 12.885614, -0.072106
5.771233, 12.885471, -0.069638
5.779818, 12.883904, -0.072272
5.775700, 12.884491, -0.069835
5.782480, 12.886835, -0.071555
5.787868, 12.888567, -0.071960
5.792628, 12.889676, -0.071833
5.798699, 12.890784, -0.071390
5.790795, 12.892263, -0.071275
5.778094, 12.894389, -0.072526
5.769482, 12.895003, -0.075805
5.772820, 12.895594, -0.071624
5.770816, 12.896194, -0.071706
5.765465, 12.890919, -0.068022
5.773337, 12.891302, -0.071319
5.767562, 12.888298, -0.068482
5.766081, 12.889319, -0.066729
5.759887, 12.889336, -0.068199
5.768051, 12.893718, -0.072349
5.764212, 12.891708, -0.072624
5.768647, 12.895307, -0.071057
5.774603, 12.894676, -0.073832
5.776581, 12.897893, -0.072498
5.779532, 12.896939, -0.075274
5.778864, 12.892626, -0.075235
5.777076, 12.890259, -0.067712
5.777888, 12.888404, -0.071451
5.779475, 12.887512, -0.069621
5.780086, 12.888533, -0.070548
5.765639, 12.889354, -0.069628
5.762633, 12.888164, -0.066891
5.762788, 12.890370, -0.071003
5.774908, 12.891573, -0.068829
5.783619, 12.894734, -0.068306
5.771534, 12.895494, -0.069305
5.774802, 12.895533, -0.071048
5.770123, 12.901344, -0.071458
5.780748, 12.903380, -0.075823
5.776658, 12.905211, -0.077331
5.766154, 12.906329, -0.071929
5.773456, 12.908442, -0.075856
5.772000, 12.910097, -0.081520
5.767659, 12.910580, -0.076451
5.772024, 12.908134, -0.075631
5.780272, 12.906700, -0.077880
5.778170, 12.909058, -0.075556
5.788356, 12.908242, -0.075057
5.784018, 12.905813, -0.076362
5.781603, 12.901101, -0.074442
5.771522, 12.899681, -0.074423
5.768705, 12.899770, -0.073040
5.763402, 12.898059, -0.071387
5.771461, 12.897009, -0.075479
5.768494, 12.898800, -0.075313
5.753741, 12.897029, -0.072043
5.759379, 12.898433, -0.074968
5.756719, 12.896223, -0.070370
5.760423, 12.898897, -0.071657
5.749136, 12.896359, -0.070010
5.749840, 12.897391, -0.070569
5.759518, 12.898792, -0.073206
5.767833, 12.897834, -0.074795
5.772167, 12.898731, -0.075424
5.773450, 12.898475, -0.074611
5.774284, 12.898554, -0.072300
5.763025, 12.901608, -0.075077
5.749869, 12.901374, -0.073703
5.739863, 12.899125, -0.073344
5.754057, 12.899088, -0.072719
5.750031, 12.897069, -0.069538
5.765120, 12.894213, -0.072702
5.750439, 12.890842, -0.070058
5.748568, 12.894429, -0.069919
5.749126, 12.890408, -0.069847
5.737939, 12.887469, -0.067885
5.730494, 12.886798, -0.067739
5.728115, 12.888013, -0.069625
5.732440, 12.887868, -0.069962
5.748738, 12.888078, -0.071659
5.746111, 12.889282, -0.070333
5.749974, 12.888919, -0.070042
5.756281, 12.888523, -0.068166
5.763226, 12.889559, -0.069335
5.756094, 12.887097, -0.068310
5.752609, 12.885778, -0.067074
5.753366, 12.888855, -0.069278
5.752306, 12.891494, -0.069509
5.751555, 12.889998, -0.068509
5.762563, 12.889459, -0.069623
5.754809, 12.892710, -0.073260
5.759881, 12.893792, -0.070678
5.769379, 12.892319, -0.072818
5.769882, 12.893177, -0.072770
5.767428, 12.892983, -0.070643
5.756786, 12.892154, -0.072274
5.760466, 12.894677, -0.074124
5.770505, 12.894388, -0.071628
5.779477, 12.893740, -0.075343
5.786630, 12.895000, -0.070959
5.787005, 12.894957, -0.070062
5.773850, 12.897436, -0.073054
5.766995, 12.895664, -0.071375
5.775676, 12.899204, -0.072993
5.767025, 12.896926, -0.071124
5.769788, 12.898235, -0.073795
5.768907, 12.894731, -0.075361
5.764447, 12.892953, -0.074221
5.770224, 12.891328, -0.068538
5.775009, 12.890353, -0.069826
5.766286, 12.886965, -0.067233
5.755817, 12.887505, -0.066896
5.763618, 12.886739, -0.072278
5.758685, 12.890503, -0.072494
5.768008, 12.889612, -0.070594
5.771812, 12.891152, -0.069711
5.780963, 12.891886, -0.069920
5.776900, 12.892227, -0.070129
5.762577, 12.892025, -0.073025
5.765863, 12.892220, -0.069334
5.766969, 12.890914, -0.068574
5.765573, 12.892837, -0.069730
5.778508, 12.891664, -0.071440
5.777161, 12.888676, -0.076864
5.767287, 12.887149, -0.071645
5.768796, 12.889755, -0.071413
5.763517, 12.891385, -0.071048
5.776435, 12.890783, -0.069762
5.790236, 12.889691, -0.070979
5.786535, 12.890859, -0.070685
5.778221, 12.889280, -0.067879
5.781307, 12.886215, -0.069891
5.779604, 12.884068, -0.068713
5.778446, 12.885600, -0.070475
5.771924, 12.883044, -0.070279
5.782752, 12.882629, -0.069064
5.782288, 12.886583, -0.068504
5.777812, 12.886412, -0.071659
5.777186, 12.887192, -0.069323
5.779384, 12.888858, -0.069814
5.792083, 12.889998, -0.071026
5.799269, 12.891125, -0.070918
5.789032, 12.891790, -0.070848
5.794372, 12.892871, -0.069685
5.798606, 12.892289, -0.079239
5.802729, 12.889916, -0.074125
5.804767, 12.887261, -0.070542
5.817629, 12.885716, -0.074062
5.815341, 12.888293, -0.070790
5.805090, 12.887760, -0.073250
5.804709, 12.887299, -0.071811
5.797987, 12.882037, -0.068977
5.800081, 12.879634, -0.066845
5.794576, 12.880181, -0.069600
5.801028, 12.885010, -0.069240
5.810844, 12.884723, -0.070713
5.815404, 12.884701, -0.067880
5.813964, 12.885542, -0.068018
5.809363, 12.887689, -0.072896
5.805690, 12.886348, -0.069349
5.805515, 12.888060, -0.066212
5.805461, 12.890146, -0.071533
5.801910, 12.889947, -0.073501
5.805873, 12.888150, -0.072809
5.808315, 12.888336, -0.068947
5.815027, 12.891385, -0.071113
5.819981, 12.892488, -0.074125
5.810440, 12.891815, -0.071652
5.801413, 12.897406, -0.075363
5.795482, 12.900760, -0.075179
5.795444, 12.900072, -0.075895
5.812542, 12.900381, -0.077008
5.807011, 12.901041, -0.075247
5.808521, 12.901288, -0.078899
5.817398, 12.902833, -0.073999
5.810495, 12.902428, -0.076330
5.816031, 12.903586, -0.078215
5.807049, 12.902244, -0.074911
5.806062, 12.901112, -0.077208
5.807524, 12.896114, -0.074729
5.805543, 12.896150, -0.076939
5.813133, 12.897126, -0.073095
5.817223, 12.898537, -0.072707
5.811167, 12.895657, -0.072224
5.810951, 12.897102, -0.073552
5.801425, 12.898880, -0.071544
5.799096, 12.898081, -0.075313
5.796041, 12.898929, -0.075536
5.799208, 12.897245, -0.072791
5.795240, 12.897720, -0.074040
5.791601, 12.898096, -0.073620
5.784215, 12.897929, -0.071724
5.784252, 12.899094, -0.073695
5.782002, 12.897316, -0.074205
5.771787, 12.896890, -0.072106
5.772423, 12.896841, -0.070417
5.761006, 12.898228, -0.073063
5.765442, 12.896267, -0.072280
5.769068, 12.896719, -0.071831
5.771668, 12.896400, -0.073984
5.763289, 12.894143, -0.071578
5.755921, 12.891466, -0.075968
5.752213, 12.892830, -0.071284
5.758547, 12.896480, -0.072240
5.770485, 12.893231, -0.073506
5.773597, 12.894678, -0.071543
5.773198, 12.895092, -0.070751
5.766879, 12.894128, -0.068415
5.777419, 12.892899, -0.068765
5.782502, 12.895324, -0.071788
5.788465, 12.897029, -0.073710
5.776622, 12.898211, -0.070870
5.778249, 12.896169, -0.071090
5.769325, 12.899367, -0.068788
5.776864, 12.902316, -0.075794
5.774438, 12.898269, -0.072832
5.777169, 12.901849, -0.075146
5.778673, 12.900951, -0.076617
5.786004, 12.904551, -0.074489
5.797206, 12.904438, -0.075841
5.798977, 12.902937, -0.072775
5.802236, 12.904352, -0.077572
5.809657, 12.904566, -0.075435
5.807739, 12.902204, -0.074538
5.800309, 12.901342, -0.070500
5.789233, 12.900796, -0.071873
5.783896, 12.899301, -0.074583
5.777140, 12.895691, -0.070938
5.774113, 12.894567, -0.075061
5.778000, 12.892814, -0.071108
5.779374, 12.893321, -0.071728
5.783806, 12.892761, -0.072363
5.782653, 12.891846, -0.073667
5.787726, 12.894391, -0.071694
5.784290, 12.895702, -0.073269
5.798149, 12.892486, -0.073099
5.792635, 12.894738, -0.071952
5.776071, 12.894539, -0.070855
5.768412, 12.892027, -0.071640
5.767283, 12.892814, -0.069481
5.767733, 12.893754, -0.072260
5.765231, 12.891800, -0.070250
5.764437, 12.893194, -0.069839
5.757719, 12.894337, -0.071575
5.763645, 12.892187, -0.072058
5.753392, 12.892150, -0.070845
5.749871, 12.895442, -0.068518
5.755927, 12.894854, -0.071213
5.752926, 12.897969, -0.071662
5.761500, 12.899681, -0.070888
5.768862, 12.897693, -0.071528
5.767367, 12.895748, -0.069588
5.772504, 12.890765, -0.069262
5.775357, 12.890888, -0.070026
5.784609, 12.887547, -0.068994
5.794463, 12.886191, -0.070820
5.793945, 12.885139, -0.069051
5.788962, 12.885858, -0.068315
5.784654, 12.885051, -0.070064
5.774084, 12.884432, -0.068275
5.762474, 12.882021, -0.066109
5.772221, 12.883291, -0.066530
5.769767, 12.883517, -0.064534
5.758508, 12.885538, -0.069114
5.761378, 12.888276, -0.066912
5.763733, 12.886223, -0.068801
5.776096, 12.885639, -0.067861
5.779185, 12.886757, -0.067383
5.789261, 12.887314, -0.073313
5.787809, 12.889254, -0.069009
5.793115, 12.886812, -0.070610
5.790092, 12.886357, -0.068566
5.789547, 12.886750, -0.070239
5.799732, 12.885583, -0.070541
5.791181, 12.885901, -0.070032
5.779447, 12.880221, -0.070762
5.778190, 12.879502, -0.068250
5.774939, 12.883138, -0.067354
5.781516, 12.884428, -0.069362
5.777878, 12.883579, -0.067936
5.776739, 12.883418, -0.067118
5.779832, 12.881688, -0.069808
5.783295, 12.882908, -0.070280
5.794563, 12.882278, -0.070437
5.791534, 12.885665, -0.070331
5.782914, 12.883467, -0.066498
5.778547, 12.885382, -0.070969
5.789111, 12.885167, -0.070873
5.782631, 12.884396, -0.070437
5.789850, 12.886762, -0.071941
5.795171, 12.892547, -0.073211
5.798120, 12.890782, -0.075496
5.797852, 12.888477, -0.069611
5.793163, 12.889185, -0.072289
5.785386, 12.889051, -0.069757
5.783541, 12.890058, -0.070052
5.792709, 12.891932, -0.072856
5.797617, 12.891197, -0.072877
5.803191, 12.892372, -0.075276
5.803402, 12.887601, -0.075061
5.794660, 12.888006, -0.069399
5.790915, 12.884848, -0.071306
5.803438, 12.886420, -0.071998
5.794005, 12.885861, -0.069557
5.788954, 12.883891, -0.069661
5.792052, 12.886719, -0.068858
5.801977, 12.889047, -0.070127
5.799450, 12.883879, -0.070813
5.792092, 12.882366, -0.068838
5.793459, 12.885210, -0.069381
5.807274, 12.889628, -0.066396
5.816556, 12.891640, -0.071886
5.828793, 12.892352, -0.071071
5.831818, 12.896297, -0.073294
5.830830, 12.894730, -0.071495
5.831894, 12.893305, -0.069635
5.835132, 12.893390, -0.071563
5.836577, 12.891026, -0.076049
5.837089, 12.891695, -0.071000
5.844088, 12.889420, -0.070135
5.838489, 12.890185, -0.068286
5.836652, 12.889864, -0.071504
5.823739, 12.890665, -0.070323
5.824024, 12.889449, -0.071069
5.833344, 12.887997, -0.073808
5.842359, 12.886100, -0.072489
5.832155, 12.881510, -0.067105
5.814330, 12.881635, -0.069454
5.808668, 12.882423, -0.069955
5.800975, 12.887189, -0.070432
5.804703, 12.890147, -0.070393
5.812273, 12.888001, -0.073233
5.812855, 12.888742, -0.070000
5.808599, 12.889979, -0.073470
5.816501, 12.891991, -0.071523
5.821496, 12.895132, -0.072445
5.820659, 12.899419, -0.072802
5.806324, 12.899274, -0.072375
5.807814, 12.899583, -0.075468
5.802520, 12.901865, -0.073303
5.792894, 12.902611, -0.074035
5.795177, 12.901914, -0.073183
5.796832, 12.900192, -0.075529
5.792416, 12.898813, -0.073547
5.798754, 12.900150, -0.073357
5.795462, 12.898182, -0.074372
5.803711, 12.898906, -0.073178
5.802472, 12.899325, -0.074073
5.797622, 12.897852, -0.074035
5.796774, 12.898988, -0.073140
5.796240, 12.899400, -0.073182
5.791458, 12.899497, -0.074450
5.787573, 12.898660, -0.072995
5.787043, 12.895869, -0.068755
5.780243, 12.898190, -0.073274
5.777562, 12.899058, -0.073060
5.772928, 12.899785, -0.073527
5.768276, 12.901839, -0.073855
