8.869,-0.341,1.5708
8.8863,-0.34086,1.5865
8.9036,-0.34046,1.6022
8.9208,-0.33978,1.6179
8.9381,-0.33883,1.6336
8.9553,-0.33761,1.6493
8.9725,-0.33612,1.665
8.9897,-0.33436,1.6808
9.0069,-0.33233,1.6965
9.024,-0.33003,1.7122
9.0411,-0.32746,1.7279
9.0581,-0.32462,1.7436
9.0751,-0.32152,1.7593
9.0921,-0.31815,1.775
9.109,-0.31451,1.7907
9.1258,-0.31061,1.8064
9.1426,-0.30644,1.8221
9.1593,-0.30201,1.8378
9.1759,-0.29732,1.8535
9.1924,-0.29237,1.8692
9.2089,-0.28716,1.885
9.2253,-0.28169,1.9007
9.2416,-0.27597,1.9164
9.2578,-0.26999,1.9321
9.2739,-0.26375,1.9478
9.29,-0.25727,1.9635
9.3059,-0.25053,1.9792
9.3217,-0.24354,1.9949
9.3374,-0.23631,2.0106
9.3529,-0.22883,2.0263
9.3684,-0.22111,2.042
9.3837,-0.21314,2.0577
9.3989,-0.20494,2.0735
9.414,-0.19649,2.0892
9.4289,-0.18782,2.1049
9.4437,-0.1789,2.1206
9.4584,-0.16976,2.1363
9.4729,-0.16039,2.152
9.4873,-0.15079,2.1677
9.5015,-0.14096,2.1834
9.5156,-0.13092,2.1991
9.5295,-0.12065,2.2148
9.5432,-0.11017,2.2305
9.5568,-0.099473,2.2462
9.5702,-0.088565,2.2619
9.5834,-0.077447,2.2777
9.5964,-0.066122,2.2934
9.6093,-0.054594,2.3091
9.622,-0.042865,2.3248
9.6345,-0.030939,2.3405
9.6468,-0.018817,2.3562
9.6589,-0.0065041,2.3719
9.6709,0.0059982,2.3876
9.6826,0.018686,2.4033
9.6941,0.031557,2.419
9.7054,0.044607,2.4347
9.7166,0.057834,2.4504
9.7275,0.071233,2.4662
9.7382,0.084802,2.4819
9.7487,0.098538,2.4976
9.7589,0.11244,2.5133
9.769,0.12649,2.529
9.7788,0.14071,2.5447
9.7884,0.15507,2.5604
9.7978,0.16959,2.5761
9.8069,0.18425,2.5918
9.8158,0.19905,2.6075
9.8245,0.214,2.6232
9.8329,0.22907,2.6389
9.8411,0.24428,2.6546
9.8491,0.25961,2.6704
9.8568,0.27507,2.6861
9.8643,0.29064,2.7018
9.8715,0.30633,2.7175
9.8785,0.32214,2.7332
9.8853,0.33805,2.7489
9.8918,0.35406,2.7646
9.898,0.37018,2.7803
9.904,0.38639,2.796
9.9097,0.40269,2.8117
9.9152,0.41908,2.8274
9.9204,0.43556,2.8431
9.9253,0.45211,2.8588
9.93,0.46874,2.8746
9.9344,0.48544,2.8903
9.9386,0.50221,2.906
9.9425,0.51904,2.9217
9.9461,0.53593,2.9374
9.9495,0.55288,2.9531
9.9526,0.56988,2.9688
9.9555,0.58692,2.9845
9.958,0.60401,3.0002
9.9603,0.62113,3.0159
9.9624,0.63829,3.0316
9.9641,0.65548,3.0473
9.9656,0.67269,3.0631
9.9668,0.68993,3.0788
9.9678,0.70718,3.0945
9.9685,0.72445,3.1102
9.9689,0.74172,3.1259
9.969,0.759,3.1416
9.969,0.759,3.1416
9.9692,0.809,3.1416
9.9694,0.859,3.1416
9.9696,0.909,3.1416
9.9698,0.959,3.1416
9.97,1.009,3.1416
9.9702,1.059,3.1416
9.9703,1.109,3.1416
9.9705,1.159,3.1416
9.9707,1.209,3.1416
9.9709,1.259,3.1416
9.9711,1.309,3.1416
9.9713,1.359,3.1416
9.9715,1.409,3.1416
9.9717,1.459,3.1416
9.9719,1.509,3.1416
9.9721,1.559,3.1416
9.9723,1.609,3.1416
9.9725,1.659,3.1416
9.9727,1.709,3.1416
9.9729,1.759,3.1416
9.973,1.809,3.1416
7.9732,1.859,3.1416
7.9734,1.909,3.1416
7.9736,1.959,3.1416
7.9738,2.009,3.1416
7.974,2.059,3.1416
7.9742,2.109,3.1416
7.9744,2.159,3.1416
7.9746,2.209,3.1416
7.9748,2.259,3.1416
7.975,2.309,3.1416
7.9752,2.359,3.1416
7.9754,2.409,3.1416
7.9756,2.459,3.1416
7.9757,2.509,3.1416
7.9759,2.559,3.1416
7.9761,2.609,3.1416
7.9763,2.659,3.1416
7.9765,2.709,3.1416
9.9767,2.759,3.1416
9.9769,2.809,3.1416
9.9771,2.859,3.1416
9.9773,2.909,3.1416
9.9775,2.959,3.1416
9.9777,3.009,3.1416
9.9779,3.059,3.1416
9.9781,3.109,3.1416
9.9783,3.159,3.1416
9.9785,3.209,3.1416
9.9786,3.259,3.1416
9.9788,3.309,3.1416
9.979,3.359,3.1416
9.9792,3.409,3.1416
9.9794,3.459,3.1416
9.9796,3.509,3.1416
9.9798,3.559,3.1416
9.98,3.609,3.1416
9.9802,3.659,3.1416
9.9804,3.709,3.1416
9.9806,3.759,3.1416
9.9808,3.809,3.1416
9.981,3.859,3.1416
9.9811,3.909,3.1416
9.9813,3.959,3.1416
9.9815,4.009,3.1416
9.9817,4.059,3.1416
9.9819,4.109,3.1416
9.9821,4.159,3.1416
9.9823,4.209,3.1416
9.9825,4.259,3.1416
9.9827,4.309,3.1416
9.9829,4.359,3.1416
9.9831,4.409,3.1416
9.9833,4.459,3.1416
9.9835,4.509,3.1416
9.9837,4.559,3.1416
9.9839,4.609,3.1416
9.984,4.659,3.1416
9.9842,4.709,3.1416
9.9844,4.759,3.1416
9.9846,4.809,3.1416
9.9848,4.859,3.1416
9.985,4.909,3.1416
9.9852,4.959,3.1416
9.9854,5.009,3.1416
9.9856,5.059,3.1416
9.9858,5.109,3.1416
9.986,5.159,3.1416
9.9862,5.209,3.1416
9.9864,5.259,3.1416
9.9865,5.309,3.1416
9.9867,5.359,3.1416
9.9869,5.409,3.1416
9.9871,5.459,3.1416
9.9873,5.509,3.1416
9.9875,5.559,3.1416
9.9877,5.609,3.1416
9.9879,5.659,3.1416
9.9881,5.709,3.1416
9.9883,5.759,3.1416
9.9885,5.809,3.1416
9.9887,5.859,3.1416
9.9889,5.909,3.1416
9.9891,5.959,3.1416
9.9893,6.009,3.1416
9.9894,6.059,3.1416
9.9896,6.109,3.1416
9.9898,6.159,3.1416
9.99,6.209,3.1416
9.9902,6.259,3.1416
9.9904,6.309,3.1416
9.9906,6.359,3.1416
9.9908,6.409,3.1416
9.991,6.459,3.1416
9.9912,6.509,3.1416
9.9914,6.559,3.1416
9.9916,6.609,3.1416
9.9918,6.659,3.1416
9.992,6.709,3.1416
9.9921,6.759,3.1416
9.9923,6.809,3.1416
9.9925,6.859,3.1416
9.9927,6.909,3.1416
9.9929,6.959,3.1416
9.9931,7.009,3.1416
9.9933,7.059,3.1416
9.9935,7.109,3.1416
9.9937,7.159,3.1416
9.9939,7.209,3.1416
9.9941,7.259,3.1416
9.9943,7.309,3.1416
9.9945,7.359,3.1416
9.9947,7.409,3.1416
9.9948,7.459,3.1416
9.995,7.509,3.1416
9.9952,7.559,3.1416
9.9954,7.609,3.1416
9.9956,7.659,3.1416
9.9958,7.709,3.1416
9.996,7.759,3.1416
9.996,7.768,3.1416
9.9959,7.7853,-3.1259
9.9955,7.8026,-3.1102
9.9948,7.8198,-3.0945
9.9938,7.8371,-3.0788
9.9926,7.8543,-3.0631
9.9911,7.8715,-3.0473
9.9894,7.8887,-3.0316
9.9873,7.9059,-3.0159
9.985,7.923,-3.0002
9.9825,7.9401,-2.9845
9.9796,7.9571,-2.9688
9.9765,7.9741,-2.9531
9.9731,7.9911,-2.9374
9.9695,8.008,-2.9217
9.9656,8.0248,-2.906
9.9614,8.0416,-2.8903
9.957,8.0583,-2.8746
9.9523,8.0749,-2.8588
9.9474,8.0914,-2.8431
9.9422,8.1079,-2.8274
9.9367,8.1243,-2.8117
9.931,8.1406,-2.796
9.925,8.1568,-2.7803
9.9188,8.1729,-2.7646
9.9123,8.189,-2.7489
9.9055,8.2049,-2.7332
9.8985,8.2207,-2.7175
9.8913,8.2364,-2.7018
9.8838,8.2519,-2.6861
9.8761,8.2674,-2.6704
9.8681,8.2827,-2.6546
9.8599,8.2979,-2.6389
9.8515,8.313,-2.6232
9.8428,8.3279,-2.6075
9.8339,8.3427,-2.5918
9.8248,8.3574,-2.5761
9.8154,8.3719,-2.5604
9.8058,8.3863,-2.5447
9.796,8.4005,-2.529
9.7859,8.4146,-2.5133
9.7757,8.4285,-2.4976
9.7652,8.4422,-2.4819
9.7545,8.4558,-2.4662
9.7436,8.4692,-2.4504
9.7324,8.4824,-2.4347
9.7211,8.4954,-2.419
9.7096,8.5083,-2.4033
9.6979,8.521,-2.3876
9.6859,8.5335,-2.3719
9.6738,8.5458,-2.3562
9.6615,8.5579,-2.3405
9.649,8.5699,-2.3248
9.6363,8.5816,-2.3091
9.6234,8.5931,-2.2934
9.6104,8.6044,-2.2777
9.5972,8.6156,-2.2619
9.5838,8.6265,-2.2462
9.5702,8.6372,-2.2305
9.5565,8.6477,-2.2148
9.5426,8.6579,-2.1991
9.5285,8.668,-2.1834
9.5143,8.6778,-2.1677
9.4999,8.6874,-2.152
9.4854,8.6968,-2.1363
9.4707,8.7059,-2.1206
9.4559,8.7148,-2.1049
9.441,8.7235,-2.0892
9.4259,8.7319,-2.0735
9.4107,8.7401,-2.0577
9.3954,8.7481,-2.042
9.3799,8.7558,-2.0263
9.3644,8.7633,-2.0106
9.3487,8.7705,-1.9949
9.3329,8.7775,-1.9792
9.317,8.7843,-1.9635
9.3009,8.7908,-1.9478
9.2848,8.797,-1.9321
9.2686,8.803,-1.9164
9.2523,8.8087,-1.9007
9.2359,8.8142,-1.885
9.2194,8.8194,-1.8692
9.2029,8.8243,-1.8535
9.1863,8.829,-1.8378
9.1696,8.8334,-1.8221
9.1528,8.8376,-1.8064
9.136,8.8415,-1.7907
9.1191,8.8451,-1.775
9.1021,8.8485,-1.7593
9.0851,8.8516,-1.7436
9.0681,8.8545,-1.7279
9.051,8.857,-1.7122
9.0339,8.8593,-1.6965
9.0167,8.8614,-1.6808
8.9995,8.8631,-1.665
8.9823,8.8646,-1.6493
8.9651,8.8658,-1.6336
8.9478,8.8668,-1.6179
8.9306,8.8675,-1.6022
8.9133,8.8679,-1.5865
8.896,8.868,-1.5708
8.896,8.868,-1.5708
8.846,8.868,-1.5708
8.796,8.8679,-1.5708
8.746,8.8679,-1.5708
8.696,8.8679,-1.5708
8.646,8.8678,-1.5708
8.596,8.8678,-1.5708
8.546,8.8677,-1.5708
8.496,8.8677,-1.5708
8.446,8.8677,-1.5708
8.396,8.8676,-1.5708
8.346,8.8676,-1.5708
8.296,8.8676,-1.5708
8.246,8.8675,-1.5708
8.196,8.8675,-1.5708
8.146,8.8674,-1.5708
8.096,8.8674,-1.5708
8.046,8.8674,-1.5708
7.996,8.8673,-1.5708
7.946,8.8673,-1.5708
7.896,8.8673,-1.5708
7.846,8.8672,-1.5708
7.796,8.8672,-1.5708
7.746,8.8672,-1.5708
7.696,8.8671,-1.5708
7.646,8.8671,-1.5708
7.596,8.867,-1.5708
7.546,8.867,-1.5708
7.496,8.867,-1.5708
7.446,8.8669,-1.5708
7.396,8.8669,-1.5708
7.346,8.8669,-1.5708
7.296,8.8668,-1.5708
7.246,8.8668,-1.5708
7.196,8.8667,-1.5708
7.146,8.8667,-1.5708
7.096,8.8667,-1.5708
7.046,8.8666,-1.5708
6.996,8.8666,-1.5708
6.946,8.8666,-1.5708
6.896,8.8665,-1.5708
6.846,8.8665,-1.5708
6.796,8.8665,-1.5708
6.746,8.8664,-1.5708
6.696,8.8664,-1.5708
6.646,8.8663,-1.5708
6.596,8.8663,-1.5708
6.546,8.8663,-1.5708
6.496,8.8662,-1.5708
6.446,8.8662,-1.5708
6.396,8.8662,-1.5708
6.346,8.8661,-1.5708
6.296,8.8661,-1.5708
6.246,8.866,-1.5708
6.196,8.866,-1.5708
6.146,8.866,-1.5708
6.096,8.8659,-1.5708
6.046,8.8659,-1.5708
5.996,8.8659,-1.5708
5.946,8.8658,-1.5708
5.896,8.8658,-1.5708
5.846,8.8658,-1.5708
5.796,8.8657,-1.5708
5.746,8.8657,-1.5708
5.696,8.8656,-1.5708
5.646,8.8656,-1.5708
5.596,8.8656,-1.5708
5.546,8.8655,-1.5708
5.496,8.8655,-1.5708
5.446,8.8655,-1.5708
5.396,8.8654,-1.5708
5.346,8.8654,-1.5708
5.296,8.8653,-1.5708
5.246,8.8653,-1.5708
5.196,8.8653,-1.5708
5.146,8.8652,-1.5708
5.096,8.8652,-1.5708
5.046,8.8652,-1.5708
4.996,8.8651,-1.5708
4.946,8.8651,-1.5708
4.896,8.8651,-1.5708
4.846,8.865,-1.5708
4.796,8.865,-1.5708
4.746,8.8649,-1.5708
4.696,8.8649,-1.5708
4.646,8.8649,-1.5708
4.596,8.8648,-1.5708
4.546,8.8648,-1.5708
4.496,8.8648,-1.5708
4.446,8.8647,-1.5708
4.396,8.8647,-1.5708
4.346,8.8646,-1.5708
4.296,8.8646,-1.5708
4.246,8.8646,-1.5708
4.196,8.8645,-1.5708
4.146,8.8645,-1.5708
4.096,8.8645,-1.5708
4.046,8.8644,-1.5708
3.996,8.8644,-1.5708
3.946,8.8644,-1.5708
3.896,8.8643,-1.5708
3.846,8.8643,-1.5708
3.796,8.8642,-1.5708
3.746,8.8642,-1.5708
3.696,8.8642,-1.5708
3.646,8.8641,-1.5708
3.596,8.8641,-1.5708
3.546,8.8641,-1.5708
3.496,8.864,-1.5708
3.446,8.864,-1.5708
3.396,8.8639,-1.5708
3.346,8.8639,-1.5708
3.296,8.8639,-1.5708
3.246,8.8638,-1.5708
3.196,8.8638,-1.5708
3.146,8.8638,-1.5708
3.096,8.8637,-1.5708
3.046,8.8637,-1.5708
2.996,8.8636,-1.5708
2.946,8.8636,-1.5708
2.896,8.8636,-1.5708
2.846,8.8635,-1.5708
2.796,8.8635,-1.5708
2.746,8.8635,-1.5708
2.696,8.8634,-1.5708
2.646,8.8634,-1.5708
2.596,8.8634,-1.5708
2.546,8.8633,-1.5708
2.496,8.8633,-1.5708
2.446,8.8632,-1.5708
2.396,8.8632,-1.5708
2.346,8.8632,-1.5708
2.296,8.8631,-1.5708
2.246,8.8631,-1.5708
2.196,8.8631,-1.5708
2.146,8.863,-1.5708
2.096,8.863,-1.5708
2.046,8.8629,-1.5708
1.996,8.8629,-1.5708
1.946,8.8629,-1.5708
1.896,8.8628,-1.5708
1.846,8.8628,-1.5708
1.796,8.8628,-1.5708
1.746,8.8627,-1.5708
1.696,8.8627,-1.5708
1.646,8.8627,-1.5708
1.596,8.8626,-1.5708
1.546,8.8626,-1.5708
1.496,8.8625,-1.5708
1.446,8.8625,-1.5708
1.396,8.8625,-1.5708
1.346,8.8624,-1.5708
1.296,8.8624,-1.5708
1.246,8.8624,-1.5708
1.196,8.8623,-1.5708
1.146,8.8623,-1.5708
1.096,8.8622,-1.5708
1.046,8.8622,-1.5708
0.996,8.8622,-1.5708
0.946,8.8621,-1.5708
0.896,8.8621,-1.5708
0.846,8.8621,-1.5708
0.796,8.862,-1.5708
0.746,8.862,-1.5708
0.696,8.862,-1.5708
0.646,8.8619,-1.5708
0.596,8.8619,-1.5708
0.546,8.8618,-1.5708
0.496,8.8618,-1.5708
0.446,8.8618,-1.5708
0.396,8.8617,-1.5708
0.346,8.8617,-1.5708
0.296,8.8617,-1.5708
0.246,8.8616,-1.5708
0.196,8.8616,-1.5708
0.146,8.8615,-1.5708
0.096,8.8615,-1.5708
0.046,8.8615,-1.5708
-0.004,8.8614,-1.5708
-0.054,8.8614,-1.5708
-0.104,8.8614,-1.5708
-0.154,8.8613,-1.5708
-0.204,8.8613,-1.5708
-0.254,8.8613,-1.5708
-0.304,8.8612,-1.5708
-0.354,8.8612,-1.5708
-0.404,8.8611,-1.5708
-0.454,8.8611,-1.5708
-0.504,8.8611,-1.5708
-0.554,8.861,-1.5708
-0.604,8.861,-1.5708
-0.654,8.861,-1.5708
-0.704,8.8609,-1.5708
-0.754,8.8609,-1.5708
-0.804,8.8608,-1.5708
-0.854,8.8608,-1.5708
-0.904,8.8608,-1.5708
-0.954,8.8607,-1.5708
-1.004,8.8607,-1.5708
-1.054,8.8607,-1.5708
-1.104,8.8606,-1.5708
-1.154,8.8606,-1.5708
-1.204,8.8606,-1.5708
-1.254,8.8605,-1.5708
-1.304,8.8605,-1.5708
-1.354,8.8604,-1.5708
-1.404,8.8604,-1.5708
-1.454,8.8604,-1.5708
-1.504,8.8603,-1.5708
-1.554,8.8603,-1.5708
-1.604,8.8603,-1.5708
-1.654,8.8602,-1.5708
-1.704,8.8602,-1.5708
-1.754,8.8601,-1.5708
-1.804,8.8601,-1.5708
-1.854,8.8601,-1.5708
-1.904,8.86,-1.5708
-1.954,8.86,-1.5708
-2.004,8.86,-1.5708
-2.054,8.8599,-1.5708
-2.104,8.8599,-1.5708
-2.154,8.8599,-1.5708
-2.204,8.8598,-1.5708
-2.254,8.8598,-1.5708
-2.304,8.8597,-1.5708
-2.354,8.8597,-1.5708
-2.404,8.8597,-1.5708
-2.454,8.8596,-1.5708
-2.504,8.8596,-1.5708
-2.554,8.8596,-1.5708
-2.604,8.8595,-1.5708
-2.654,8.8595,-1.5708
-2.704,8.8594,-1.5708
-2.754,8.8594,-1.5708
-2.804,8.8594,-1.5708
-2.854,8.8593,-1.5708
-2.904,8.8593,-1.5708
-2.954,8.8593,-1.5708
-3.004,8.8592,-1.5708
-3.054,8.8592,-1.5708
-3.104,8.8592,-1.5708
-3.154,8.8591,-1.5708
-3.204,8.8591,-1.5708
-3.254,8.859,-1.5708
-3.304,8.859,-1.5708
-3.354,8.859,-1.5708
-3.404,8.8589,-1.5708
-3.454,8.8589,-1.5708
-3.504,8.8589,-1.5708
-3.554,8.8588,-1.5708
-3.604,8.8588,-1.5708
-3.654,8.8587,-1.5708
-3.704,8.8587,-1.5708
-3.754,8.8587,-1.5708
-3.804,8.8586,-1.5708
-3.854,8.8586,-1.5708
-3.904,8.8586,-1.5708
-3.954,8.8585,-1.5708
-4.004,8.8585,-1.5708
-4.054,8.8585,-1.5708
-4.104,8.8584,-1.5708
-4.154,8.8584,-1.5708
-4.204,8.8583,-1.5708
-4.254,8.8583,-1.5708
-4.304,8.8583,-1.5708
-4.354,8.8582,-1.5708
-4.404,8.8582,-1.5708
-4.454,8.8582,-1.5708
-4.504,8.8581,-1.5708
-4.554,8.8581,-1.5708
-4.604,8.858,-1.5708
-4.654,8.858,-1.5708
-4.704,8.858,-1.5708
-4.754,8.8579,-1.5708
-4.804,8.8579,-1.5708
-4.854,8.8579,-1.5708
-4.904,8.8578,-1.5708
-4.954,8.8578,-1.5708
-5.004,8.8578,-1.5708
-5.054,8.8577,-1.5708
-5.104,8.8577,-1.5708
-5.154,8.8576,-1.5708
-5.204,8.8576,-1.5708
-5.254,8.8576,-1.5708
-5.304,8.8575,-1.5708
-5.354,8.8575,-1.5708
-5.404,8.8575,-1.5708
-5.454,8.8574,-1.5708
-5.504,8.8574,-1.5708
-5.554,8.8573,-1.5708
-5.604,8.8573,-1.5708
-5.654,8.8573,-1.5708
-5.704,8.8572,-1.5708
-5.754,8.8572,-1.5708
-5.804,8.8572,-1.5708
-5.854,8.8571,-1.5708
-5.904,8.8571,-1.5708
-5.954,8.8571,-1.5708
-6.004,8.857,-1.5708
-6.054,8.857,-1.5708
-6.104,8.8569,-1.5708
-6.154,8.8569,-1.5708
-6.204,8.8569,-1.5708
-6.254,8.8568,-1.5708
-6.304,8.8568,-1.5708
-6.354,8.8568,-1.5708
-6.404,8.8567,-1.5708
-6.454,8.8567,-1.5708
-6.504,8.8566,-1.5708
-6.554,8.8566,-1.5708
-6.604,8.8566,-1.5708
-6.654,8.8565,-1.5708
-6.704,8.8565,-1.5708
-6.754,8.8565,-1.5708
-6.804,8.8564,-1.5708
-6.854,8.8564,-1.5708
-6.904,8.8564,-1.5708
-6.954,8.8563,-1.5708
-7.004,8.8563,-1.5708
-7.054,8.8562,-1.5708
-7.104,8.8562,-1.5708
-7.154,8.8562,-1.5708
-7.204,8.8561,-1.5708
-7.254,8.8561,-1.5708
-7.304,8.8561,-1.5708
-7.354,8.856,-1.5708
-7.404,8.856,-1.5708
-7.454,8.8559,-1.5708
-7.504,8.8559,-1.5708
-7.554,8.8559,-1.5708
-7.604,8.8558,-1.5708
-7.654,8.8558,-1.5708
-7.704,8.8558,-1.5708
-7.754,8.8557,-1.5708
-7.804,8.8557,-1.5708
-7.854,8.8556,-1.5708
-7.904,8.8556,-1.5708
-7.954,8.8556,-1.5708
-8.004,8.8555,-1.5708
-8.054,8.8555,-1.5708
-8.104,8.8555,-1.5708
-8.154,8.8554,-1.5708
-8.204,8.8554,-1.5708
-8.254,8.8554,-1.5708
-8.304,8.8553,-1.5708
-8.354,8.8553,-1.5708
-8.404,8.8552,-1.5708
-8.454,8.8552,-1.5708
-8.504,8.8552,-1.5708
-8.554,8.8551,-1.5708
-8.604,8.8551,-1.5708
-8.654,8.8551,-1.5708
-8.704,8.855,-1.5708
-8.754,8.855,-1.5708
-8.804,8.8549,-1.5708
-8.854,8.8549,-1.5708
-8.904,8.8549,-1.5708
-8.954,8.8548,-1.5708
-9.004,8.8548,-1.5708
-9.054,8.8548,-1.5708
-9.104,8.8547,-1.5708
-9.154,8.8547,-1.5708
-9.204,8.8547,-1.5708
-9.254,8.8546,-1.5708
-9.304,8.8546,-1.5708
-9.354,8.8545,-1.5708
-9.404,8.8545,-1.5708
-9.454,8.8545,-1.5708
-9.504,8.8544,-1.5708
-9.554,8.8544,-1.5708
-9.604,8.8544,-1.5708
-9.654,8.8543,-1.5708
-9.704,8.8543,-1.5708
-9.754,8.8542,-1.5708
-9.804,8.8542,-1.5708
-9.854,8.8542,-1.5708
-9.904,8.8541,-1.5708
-9.954,8.8541,-1.5708
-10.004,8.8541,-1.5708
-10.054,8.854,-1.5708
-10.104,8.854,-1.5708
-10.154,8.854,-1.5708
-10.204,8.8539,-1.5708
-10.254,8.8539,-1.5708
-10.304,8.8538,-1.5708
-10.354,8.8538,-1.5708
-10.404,8.8538,-1.5708
-10.454,8.8537,-1.5708
-10.504,8.8537,-1.5708
-10.554,8.8537,-1.5708
-10.604,8.8536,-1.5708
-10.654,8.8536,-1.5708
-10.704,8.8535,-1.5708
-10.754,8.8535,-1.5708
-10.804,8.8535,-1.5708
-10.854,8.8534,-1.5708
-10.904,8.8534,-1.5708
-10.954,8.8534,-1.5708
-11.004,8.8533,-1.5708
-11.054,8.8533,-1.5708
-11.104,8.8533,-1.5708
-11.154,8.8532,-1.5708
-11.204,8.8532,-1.5708
-11.254,8.8531,-1.5708
-11.304,8.8531,-1.5708
-11.354,8.8531,-1.5708
-11.404,8.853,-1.5708
-11.454,8.853,-1.5708
-11.504,8.853,-1.5708
-11.554,8.8529,-1.5708
-11.604,8.8529,-1.5708
-11.654,8.8528,-1.5708
-11.704,8.8528,-1.5708
-11.754,8.8528,-1.5708
-11.804,8.8527,-1.5708
-11.854,8.8527,-1.5708
-11.904,8.8527,-1.5708
-11.954,8.8526,-1.5708
-12.004,8.8526,-1.5708
-12.054,8.8526,-1.5708
-12.104,8.8525,-1.5708
-12.154,8.8525,-1.5708
-12.204,8.8524,-1.5708
-12.254,8.8524,-1.5708
-12.304,8.8524,-1.5708
-12.354,8.8523,-1.5708
-12.404,8.8523,-1.5708
-12.454,8.8523,-1.5708
-12.504,8.8522,-1.5708
-12.554,8.8522,-1.5708
-12.604,8.8521,-1.5708
-12.654,8.8521,-1.5708
-12.704,8.8521,-1.5708
-12.754,8.852,-1.5708
-12.804,8.852,-1.5708
-12.81,8.852,-1.5708
-12.827,8.8519,-1.5551
-12.845,8.8515,-1.5394
-12.862,8.8508,-1.5237
-12.879,8.8498,-1.508
-12.896,8.8486,-1.4923
-12.914,8.8471,-1.4765
-12.931,8.8454,-1.4608
-12.948,8.8433,-1.4451
-12.965,8.841,-1.4294
-12.982,8.8385,-1.4137
-12.999,8.8356,-1.398
-13.016,8.8325,-1.3823
-13.033,8.8291,-1.3666
-13.05,8.8255,-1.3509
-13.067,8.8216,-1.3352
-13.084,8.8174,-1.3195
-13.1,8.813,-1.3038
-13.117,8.8083,-1.2881
-13.133,8.8034,-1.2723
-13.15,8.7982,-1.2566
-13.166,8.7927,-1.2409
-13.183,8.787,-1.2252
-13.199,8.781,-1.2095
-13.215,8.7748,-1.1938
-13.231,8.7683,-1.1781
-13.247,8.7615,-1.1624
-13.263,8.7545,-1.1467
-13.278,8.7473,-1.131
-13.294,8.7398,-1.1153
-13.309,8.7321,-1.0996
-13.325,8.7241,-1.0838
-13.34,8.7159,-1.0681
-13.355,8.7075,-1.0524
-13.37,8.6988,-1.0367
-13.385,8.6899,-1.021
-13.399,8.6808,-1.0053
-13.414,8.6714,-0.9896
-13.428,8.6618,-0.97389
-13.443,8.652,-0.95819
-13.457,8.6419,-0.94248
-13.47,8.6317,-0.92677
-13.484,8.6212,-0.91106
-13.498,8.6105,-0.89535
-13.511,8.5996,-0.87965
-13.524,8.5884,-0.86394
-13.537,8.5771,-0.84823
-13.55,8.5656,-0.83252
-13.563,8.5539,-0.81681
-13.576,8.5419,-0.80111
-13.588,8.5298,-0.7854
-13.6,8.5175,-0.76969
-13.612,8.505,-0.75398
-13.624,8.4923,-0.73827
-13.635,8.4794,-0.72257
-13.646,8.4664,-0.70686
-13.658,8.4532,-0.69115
-13.668,8.4398,-0.67544
-13.679,8.4262,-0.65973
-13.69,8.4125,-0.64403
-13.7,8.3986,-0.62832
-13.71,8.3845,-0.61261
-13.72,8.3703,-0.5969
-13.729,8.3559,-0.58119
-13.739,8.3414,-0.56549
-13.748,8.3267,-0.54978
-13.757,8.3119,-0.53407
-13.765,8.297,-0.51836
-13.774,8.2819,-0.50265
-13.782,8.2667,-0.48695
-13.79,8.2514,-0.47124
-13.798,8.2359,-0.45553
-13.805,8.2204,-0.43982
-13.813,8.2047,-0.42412
-13.82,8.1889,-0.40841
-13.826,8.173,-0.3927
-13.833,8.1569,-0.37699
-13.839,8.1408,-0.36128
-13.845,8.1246,-0.34558
-13.851,8.1083,-0.32987
-13.856,8.0919,-0.31416
-13.861,8.0754,-0.29845
-13.866,8.0589,-0.28274
-13.871,8.0423,-0.26704
-13.875,8.0256,-0.25133
-13.88,8.0088,-0.23562
-13.884,7.992,-0.21991
-13.887,7.9751,-0.2042
-13.891,7.9581,-0.1885
-13.894,7.9411,-0.17279
-13.896,7.9241,-0.15708
-13.899,7.907,-0.14137
-13.901,7.8899,-0.12566
-13.903,7.8727,-0.10996
-13.905,7.8555,-0.094248
-13.907,7.8383,-0.07854
-13.908,7.8211,-0.062832
-13.909,7.8038,-0.047124
-13.909,7.7866,-0.031416
-13.91,7.7693,-0.015708
-13.91,7.752,0
-13.91,7.752,0
-13.91,7.702,0
-13.911,7.652,0
-13.911,7.602,0
-13.911,7.552,0
-13.912,7.502,0
-13.912,7.452,0
-13.912,7.402,0
-13.913,7.352,0
-13.913,7.302,0
-13.914,7.252,0
-13.914,7.202,0
-13.914,7.152,0
-13.915,7.102,0
-13.915,7.052,0
-13.915,7.002,0
-13.916,6.952,0
-13.916,6.902,0
-13.916,6.852,0
-13.917,6.802,0
-13.917,6.752,0
-13.918,6.702,0
-13.918,6.652,0
-13.918,6.602,0
-13.919,6.552,0
-13.919,6.502,0
-13.919,6.452,0
-13.92,6.402,0
-13.92,6.352,0
-13.92,6.302,0
-13.921,6.252,0
-13.921,6.202,0
-13.921,6.152,0
-13.922,6.102,0
-13.922,6.052,0
-13.922,6.002,0
-13.923,5.952,0
-13.923,5.902,0
-13.924,5.852,0
-13.924,5.802,0
-13.924,5.752,0
-13.925,5.702,0
-13.925,5.652,0
-13.925,5.602,0
-13.926,5.552,0
-13.926,5.502,0
-13.926,5.452,0
-13.927,5.402,0
-13.927,5.352,0
-13.928,5.302,0
-13.928,5.252,0
-13.928,5.202,0
-13.929,5.152,0
-13.929,5.102,0
-13.929,5.052,0
-13.93,5.002,0
-13.93,4.952,0
-13.93,4.902,0
-13.931,4.852,0
-13.931,4.802,0
-13.931,4.752,0
-13.932,4.702,0
-13.932,4.652,0
-13.932,4.602,0
-13.933,4.552,0
-13.933,4.502,0
-13.934,4.452,0
-13.934,4.402,0
-13.934,4.352,0
-13.935,4.302,0
-13.935,4.252,0
-13.935,4.202,0
-13.936,4.152,0
-13.936,4.102,0
-13.936,4.052,0
-13.937,4.002,0
-13.937,3.952,0
-13.938,3.902,0
-13.938,3.852,0
-13.938,3.802,0
-13.939,3.752,0
-13.939,3.702,0
-13.939,3.652,0
-13.94,3.602,0
-13.94,3.552,0
-13.94,3.502,0
-13.941,3.452,0
-13.941,3.402,0
-13.941,3.352,0
-13.942,3.302,0
-13.942,3.252,0
-13.942,3.202,0
-13.943,3.152,0
-13.943,3.102,0
-13.944,3.052,0
-13.944,3.002,0
-13.944,2.952,0
-13.945,2.902,0
-13.945,2.852,0
-13.945,2.802,0
-13.946,2.752,0
-13.946,2.702,0
-13.946,2.652,0
-13.947,2.602,0
-13.947,2.552,0
-13.947,2.502,0
-13.948,2.452,0
-13.948,2.402,0
-13.949,2.352,0
-13.949,2.302,0
-13.949,2.252,0
-13.95,2.202,0
-13.95,2.152,0
-13.95,2.102,0
-13.951,2.052,0
-13.951,2.002,0
-13.951,1.952,0
-13.952,1.902,0
-13.952,1.852,0
-13.952,1.802,0
-13.953,1.752,0
-13.953,1.702,0
-13.954,1.652,0
-13.954,1.602,0
-13.954,1.552,0
-13.955,1.502,0
-13.955,1.452,0
-13.955,1.402,0
-13.956,1.352,0
-13.956,1.302,0
-13.956,1.252,0
-13.957,1.202,0
-13.957,1.152,0
-13.957,1.102,0
-13.958,1.052,0
-13.958,1.002,0
-13.959,0.952,0
-13.959,0.902,0
-13.959,0.852,0
-13.96,0.802,0
-13.96,0.752,0
-13.96,0.746,0
-13.96,0.72872,0.015708
-13.959,0.71145,0.031416
-13.959,0.69418,0.047124
-13.958,0.67693,0.062832
-13.957,0.65969,0.07854
-13.955,0.64248,0.094248
-13.953,0.62529,0.10996
-13.951,0.60813,0.12566
-13.949,0.59101,0.14137
-13.946,0.57392,0.15708
-13.944,0.55688,0.17279
-13.941,0.53988,0.1885
-13.937,0.52293,0.2042
-13.934,0.50604,0.21991
-13.93,0.48921,0.23562
-13.925,0.47244,0.25133
-13.921,0.45574,0.26704
-13.916,0.43911,0.28274
-13.911,0.42256,0.29845
-13.906,0.40608,0.31416
-13.901,0.38969,0.32987
-13.895,0.37339,0.34558
-13.889,0.35718,0.36128
-13.883,0.34106,0.37699
-13.876,0.32505,0.3927
-13.87,0.30914,0.40841
-13.863,0.29333,0.42412
-13.855,0.27764,0.43982
-13.848,0.26207,0.45553
-13.84,0.24661,0.47124
-13.832,0.23128,0.48695
-13.824,0.21607,0.50265
-13.815,0.201,0.51836
-13.807,0.18605,0.53407
-13.798,0.17125,0.54978
-13.789,0.15659,0.56549
-13.779,0.14207,0.58119
-13.77,0.12771,0.5969
-13.76,0.11349,0.61261
-13.75,0.099436,0.62832
-13.74,0.085538,0.64403
-13.729,0.071802,0.65973
-13.718,0.058233,0.67544
-13.708,0.044834,0.69115
-13.696,0.031607,0.70686
-13.685,0.018557,0.72257
-13.674,0.0056862,0.73827
-13.662,-0.0070018,0.75398
-13.65,-0.019504,0.76969
-13.638,-0.031817,0.7854
-13.626,-0.043939,0.80111
-13.613,-0.055865,0.81681
-13.6,-0.067594,0.83252
-13.587,-0.079122,0.84823
-13.574,-0.090447,0.86394
-13.561,-0.10156,0.87965
-13.548,-0.11247,0.89535
-13.534,-0.12317,0.91106
-13.52,-0.13365,0.92677
-13.507,-0.14392,0.94248
-13.493,-0.15396,0.95819
-13.478,-0.16379,0.97389
-13.464,-0.17339,0.9896
-13.449,-0.18276,1.0053
-13.435,-0.1919,1.021
-13.42,-0.20082,1.0367
-13.405,-0.20949,1.0524
-13.39,-0.21794,1.0681
-13.375,-0.22614,1.0838
-13.359,-0.23411,1.0996
-13.344,-0.24183,1.1153
-13.328,-0.24931,1.131
-13.313,-0.25654,1.1467
-13.297,-0.26353,1.1624
-13.281,-0.27027,1.1781
-13.265,-0.27675,1.1938
-13.249,-0.28299,1.2095
-13.233,-0.28897,1.2252
-13.216,-0.29469,1.2409
-13.2,-0.30016,1.2566
-13.183,-0.30537,1.2723
-13.167,-0.31032,1.2881
-13.15,-0.31501,1.3038
-13.134,-0.31944,1.3195
-13.117,-0.32361,1.3352
-13.1,-0.32751,1.3509
-13.083,-0.33115,1.3666
-13.066,-0.33452,1.3823
-13.049,-0.33762,1.398
-13.032,-0.34046,1.4137
-13.015,-0.34303,1.4294
-12.998,-0.34533,1.4451
-12.981,-0.34736,1.4608
-12.964,-0.34912,1.4765
-12.946,-0.35061,1.4923
-12.929,-0.35183,1.508
-12.912,-0.35278,1.5237
-12.895,-0.35346,1.5394
-12.877,-0.35386,1.5551
-12.86,-0.354,1.5708
-12.86,-0.354,1.5708
-12.81,-0.35397,1.5708
-12.76,-0.35394,1.5708
-12.71,-0.35391,1.5708
-12.66,-0.35388,1.5708
-12.61,-0.35385,1.5708
-12.56,-0.35382,1.5708
-12.51,-0.35379,1.5708
-12.46,-0.35376,1.5708
-12.41,-0.35373,1.5708
-12.36,-0.3537,1.5708
-12.31,-0.35367,1.5708
-12.26,-0.35364,1.5708
-12.21,-0.35361,1.5708
-12.16,-0.35358,1.5708
-12.11,-0.35355,1.5708
-12.06,-0.35352,1.5708
-12.01,-0.35349,1.5708
-11.96,-0.35346,1.5708
-11.91,-0.35343,1.5708
-11.86,-0.3534,1.5708
-11.81,-0.35337,1.5708
-11.76,-0.35334,1.5708
-11.71,-0.35331,1.5708
-11.66,-0.35328,1.5708
-11.61,-0.35325,1.5708
-11.56,-0.35322,1.5708
-11.51,-0.35319,1.5708
-11.46,-0.35316,1.5708
-11.41,-0.35313,1.5708
-11.36,-0.3531,1.5708
-11.31,-0.35307,1.5708
-11.26,-0.35304,1.5708
-11.21,-0.35301,1.5708
-11.16,-0.35298,1.5708
-11.11,-0.35295,1.5708
-11.06,-0.35292,1.5708
-11.01,-0.35289,1.5708
-10.96,-0.35286,1.5708
-10.91,-0.35283,1.5708
-10.86,-0.3528,1.5708
-10.81,-0.35277,1.5708
-10.76,-0.35274,1.5708
-10.71,-0.35271,1.5708
-10.66,-0.35268,1.5708
-10.61,-0.35265,1.5708
-10.56,-0.35262,1.5708
-10.51,-0.35259,1.5708
-10.46,-0.35256,1.5708
-10.41,-0.35253,1.5708
-10.36,-0.3525,1.5708
-10.31,-0.35247,1.5708
-10.26,-0.35244,1.5708
-10.21,-0.35241,1.5708
-10.16,-0.35238,1.5708
-10.11,-0.35235,1.5708
-10.06,-0.35232,1.5708
-10.01,-0.35229,1.5708
-9.96,-0.35226,1.5708
-9.91,-0.35223,1.5708
-9.86,-0.3522,1.5708
-9.81,-0.35217,1.5708
-9.76,-0.35214,1.5708
-9.71,-0.35211,1.5708
-9.66,-0.35208,1.5708
-9.61,-0.35205,1.5708
-9.56,-0.35202,1.5708
-9.51,-0.35199,1.5708
-9.46,-0.35196,1.5708
-9.41,-0.35193,1.5708
-9.36,-0.3519,1.5708
-9.31,-0.35187,1.5708
-9.26,-0.35184,1.5708
-9.21,-0.35181,1.5708
-9.16,-0.35178,1.5708
-9.11,-0.35175,1.5708
-9.06,-0.35172,1.5708
-9.01,-0.35169,1.5708
-8.96,-0.35166,1.5708
-8.91,-0.35163,1.5708
-8.86,-0.3516,1.5708
-8.81,-0.35157,1.5708
-8.76,-0.35154,1.5708
-8.71,-0.35151,1.5708
-8.66,-0.35148,1.5708
-8.61,-0.35145,1.5708
-8.56,-0.35142,1.5708
-8.51,-0.35139,1.5708
-8.46,-0.35136,1.5708
-8.41,-0.35133,1.5708
-8.36,-0.3513,1.5708
-8.31,-0.35127,1.5708
-8.26,-0.35124,1.5708
-8.21,-0.35121,1.5708
-8.16,-0.35118,1.5708
-8.11,-0.35115,1.5708
-8.06,-0.35112,1.5708
-8.01,-0.35109,1.5708
-7.96,-0.35106,1.5708
-7.91,-0.35103,1.5708
-7.86,-0.351,1.5708
-7.81,-0.35097,1.5708
-7.76,-0.35094,1.5708
-7.71,-0.35091,1.5708
-7.66,-0.35088,1.5708
-7.61,-0.35085,1.5708
-7.56,-0.35082,1.5708
-7.51,-0.35079,1.5708
-7.46,-0.35076,1.5708
-7.41,-0.35074,1.5708
-7.36,-0.35071,1.5708
-7.31,-0.35068,1.5708
-7.26,-0.35065,1.5708
-7.21,-0.35062,1.5708
-7.16,-0.35059,1.5708
-7.11,-0.35056,1.5708
-7.06,-0.35053,1.5708
-7.01,-0.3505,1.5708
-6.96,-0.35047,1.5708
-6.91,-0.35044,1.5708
-6.86,-0.35041,1.5708
-6.81,-0.35038,1.5708
-6.76,-0.35035,1.5708
-6.71,-0.35032,1.5708
-6.66,-0.35029,1.5708
-6.61,-0.35026,1.5708
-6.56,-0.35023,1.5708
-6.51,-0.3502,1.5708
-6.46,-0.35017,1.5708
-6.41,-0.35014,1.5708
-6.36,-0.35011,1.5708
-6.31,-0.35008,1.5708
-6.26,-0.35005,1.5708
-6.21,-0.35002,1.5708
-6.16,-0.34999,1.5708
-6.11,-0.34996,1.5708
-6.06,-0.34993,1.5708
-6.01,-0.3499,1.5708
-5.96,-0.34987,1.5708
-5.91,-0.34984,1.5708
-5.86,-0.34981,1.5708
-5.81,-0.34978,1.5708
-5.76,-0.34975,1.5708
-5.71,-0.34972,1.5708
-5.66,-0.34969,1.5708
-5.61,-0.34966,1.5708
-5.56,-0.34963,1.5708
-5.51,-0.3496,1.5708
-5.46,-0.34957,1.5708
-5.41,-0.34954,1.5708
-5.36,-0.34951,1.5708
-5.31,-0.34948,1.5708
-5.26,-0.34945,1.5708
-5.21,-0.34942,1.5708
-5.16,-0.34939,1.5708
-5.11,-0.34936,1.5708
-5.06,-0.34933,1.5708
-5.01,-0.3493,1.5708
-4.96,-0.34927,1.5708
-4.91,-0.34924,1.5708
-4.86,-0.34921,1.5708
-4.81,-0.34918,1.5708
-4.76,-0.34915,1.5708
-4.71,-0.34912,1.5708
-4.66,-0.34909,1.5708
-4.61,-0.34906,1.5708
-4.56,-0.34903,1.5708
-4.51,-0.349,1.5708
-4.46,-0.34897,1.5708
-4.41,-0.34894,1.5708
-4.36,-0.34891,1.5708
-4.31,-0.34888,1.5708
-4.26,-0.34885,1.5708
-4.21,-0.34882,1.5708
-4.16,-0.34879,1.5708
-4.11,-0.34876,1.5708
-4.06,-0.34873,1.5708
-4.01,-0.3487,1.5708
-3.96,-0.34867,1.5708
-3.91,-0.34864,1.5708
-3.86,-0.34861,1.5708
-3.81,-0.34858,1.5708
-3.76,-0.34855,1.5708
-3.71,-0.34852,1.5708
-3.66,-0.34849,1.5708
-3.61,-0.34846,1.5708
-3.56,-0.34843,1.5708
-3.51,-0.3484,1.5708
-3.46,-0.34837,1.5708
-3.41,-0.34834,1.5708
-3.36,-0.34831,1.5708
-3.31,-0.34828,1.5708
-3.26,-0.34825,1.5708
-3.21,-0.34822,1.5708
-3.16,-0.34819,1.5708
-3.11,-0.34816,1.5708
-3.06,-0.34813,1.5708
-3.01,-0.3481,1.5708
-2.96,-0.34807,1.5708
-2.91,-0.34804,1.5708
-2.86,-0.34801,1.5708
-2.81,-0.34798,1.5708
-2.76,-0.34795,1.5708
-2.71,-0.34792,1.5708
-2.66,-0.34789,1.5708
-2.61,-0.34786,1.5708
-2.56,-0.34783,1.5708
-2.51,-0.3478,1.5708
-2.46,-0.34777,1.5708
-2.41,-0.34774,1.5708
-2.36,-0.34771,1.5708
-2.31,-0.34768,1.5708
-2.26,-0.34765,1.5708
-2.21,-0.34762,1.5708
-2.16,-0.34759,1.5708
-2.11,-0.34756,1.5708
-2.06,-0.34753,1.5708
-2.01,-0.3475,1.5708
-1.96,-0.34747,1.5708
-1.91,-0.34744,1.5708
-1.86,-0.34741,1.5708
-1.81,-0.34738,1.5708
-1.76,-0.34735,1.5708
-1.71,-0.34732,1.5708
-1.66,-0.34729,1.5708
-1.61,-0.34726,1.5708
-1.56,-0.34723,1.5708
-1.51,-0.3472,1.5708
-1.46,-0.34717,1.5708
-1.41,-0.34714,1.5708
-1.36,-0.34711,1.5708
-1.31,-0.34708,1.5708
-1.26,-0.34705,1.5708
-1.21,-0.34702,1.5708
-1.16,-0.34699,1.5708
-1.11,-0.34696,1.5708
-1.06,-0.34693,1.5708
-1.01,-0.3469,1.5708
-0.96,-0.34687,1.5708
-0.91,-0.34684,1.5708
-0.86,-0.34681,1.5708
-0.81,-0.34678,1.5708
-0.76,-0.34675,1.5708
-0.71,-0.34672,1.5708
-0.66,-0.34669,1.5708
-0.61,-0.34666,1.5708
-0.56,-0.34663,1.5708
-0.51,-0.3466,1.5708
-0.46,-0.34657,1.5708
-0.41,-0.34654,1.5708
-0.36,-0.34651,1.5708
-0.31,-0.34648,1.5708
-0.26,-0.34645,1.5708
-0.21,-0.34642,1.5708
-0.16,-0.34639,1.5708
-0.11,-0.34636,1.5708
-0.06,-0.34633,1.5708
-0.01,-0.3463,1.5708
0.04,-0.34627,1.5708
0.09,-0.34624,1.5708
0.14,-0.34621,1.5708
0.19,-0.34618,1.5708
0.24,-0.34615,1.5708
0.29,-0.34612,1.5708
0.34,-0.34609,1.5708
0.39,-0.34606,1.5708
0.44,-0.34603,1.5708
0.49,-0.346,1.5708
0.54,-0.34597,1.5708
0.59,-0.34594,1.5708
0.64,-0.34591,1.5708
0.69,-0.34588,1.5708
0.74,-0.34585,1.5708
0.79,-0.34582,1.5708
0.84,-0.34579,1.5708
0.89,-0.34576,1.5708
0.94,-0.34573,1.5708
0.99,-0.3457,1.5708
1.04,-0.34567,1.5708
1.09,-0.34564,1.5708
1.14,-0.34561,1.5708
1.19,-0.34558,1.5708
1.24,-0.34555,1.5708
1.29,-0.34552,1.5708
1.34,-0.34549,1.5708
1.39,-0.34546,1.5708
1.44,-0.34543,1.5708
1.49,-0.3454,1.5708
1.54,-0.34537,1.5708
1.59,-0.34534,1.5708
1.64,-0.34531,1.5708
1.69,-0.34528,1.5708
1.74,-0.34525,1.5708
1.79,-0.34522,1.5708
1.84,-0.34519,1.5708
1.89,-0.34516,1.5708
1.94,-0.34513,1.5708
1.99,-0.3451,1.5708
2.04,-0.34507,1.5708
2.09,-0.34504,1.5708
2.14,-0.34501,1.5708
2.19,-0.34498,1.5708
2.24,-0.34495,1.5708
2.29,-0.34492,1.5708
2.34,-0.34489,1.5708
2.39,-0.34486,1.5708
2.44,-0.34483,1.5708
2.49,-0.3448,1.5708
2.54,-0.34477,1.5708
2.59,-0.34474,1.5708
2.64,-0.34471,1.5708
2.69,-0.34468,1.5708
2.74,-0.34465,1.5708
2.79,-0.34462,1.5708
2.84,-0.34459,1.5708
2.89,-0.34456,1.5708
2.94,-0.34453,1.5708
2.99,-0.3445,1.5708
3.04,-0.34447,1.5708
3.09,-0.34444,1.5708
3.14,-0.34441,1.5708
3.19,-0.34438,1.5708
3.24,-0.34435,1.5708
3.29,-0.34432,1.5708
3.34,-0.34429,1.5708
3.39,-0.34426,1.5708
3.44,-0.34424,1.5708
3.49,-0.34421,1.5708
3.54,-0.34418,1.5708
3.59,-0.34415,1.5708
3.64,-0.34412,1.5708
3.69,-0.34409,1.5708
3.74,-0.34406,1.5708
3.79,-0.34403,1.5708
3.84,-0.344,1.5708
3.89,-0.34397,1.5708
3.94,-0.34394,1.5708
3.99,-0.34391,1.5708
4.04,-0.34388,1.5708
4.09,-0.34385,1.5708
4.14,-0.34382,1.5708
4.19,-0.34379,1.5708
4.24,-0.34376,1.5708
4.29,-0.34373,1.5708
4.34,-0.3437,1.5708
4.39,-0.34367,1.5708
4.44,-0.34364,1.5708
4.49,-0.34361,1.5708
4.54,-0.34358,1.5708
4.59,-0.34355,1.5708
4.64,-0.34352,1.5708
4.69,-0.34349,1.5708
4.74,-0.34346,1.5708
4.79,-0.34343,1.5708
4.84,-0.3434,1.5708
4.89,-0.34337,1.5708
4.94,-0.34334,1.5708
4.99,-0.34331,1.5708
5.04,-0.34328,1.5708
5.09,-0.34325,1.5708
5.14,-0.34322,1.5708
5.19,-0.34319,1.5708
5.24,-0.34316,1.5708
5.29,-0.34313,1.5708
5.34,-0.3431,1.5708
5.39,-0.34307,1.5708
5.44,-0.34304,1.5708
5.49,-0.34301,1.5708
5.54,-0.34298,1.5708
5.59,-0.34295,1.5708
5.64,-0.34292,1.5708
5.69,-0.34289,1.5708
5.74,-0.34286,1.5708
5.79,-0.34283,1.5708
5.84,-0.3428,1.5708
5.89,-0.34277,1.5708
5.94,-0.34274,1.5708
5.99,-0.34271,1.5708
6.04,-0.34268,1.5708
6.09,-0.34265,1.5708
6.14,-0.34262,1.5708
6.19,-0.34259,1.5708
6.24,-0.34256,1.5708
6.29,-0.34253,1.5708
6.34,-0.3425,1.5708
6.39,-0.34247,1.5708
6.44,-0.34244,1.5708
6.49,-0.34241,1.5708
6.54,-0.34238,1.5708
6.59,-0.34235,1.5708
6.64,-0.34232,1.5708
6.69,-0.34229,1.5708
6.74,-0.34226,1.5708
6.79,-0.34223,1.5708
6.84,-0.3422,1.5708
6.89,-0.34217,1.5708
6.94,-0.34214,1.5708
6.99,-0.34211,1.5708
7.04,-0.34208,1.5708
7.09,-0.34205,1.5708
7.14,-0.34202,1.5708
7.19,-0.34199,1.5708
7.24,-0.34196,1.5708
7.29,-0.34193,1.5708
7.34,-0.3419,1.5708
7.39,-0.34187,1.5708
7.44,-0.34184,1.5708
7.49,-0.34181,1.5708
7.54,-0.34178,1.5708
7.59,-0.34175,1.5708
7.64,-0.34172,1.5708
7.69,-0.34169,1.5708
7.74,-0.34166,1.5708
7.79,-0.34163,1.5708
7.84,-0.3416,1.5708
7.89,-0.34157,1.5708
7.94,-0.34154,1.5708
7.99,-0.34151,1.5708
8.04,-0.34148,1.5708
8.09,-0.34145,1.5708
8.14,-0.34142,1.5708
8.19,-0.34139,1.5708
8.24,-0.34136,1.5708
8.29,-0.34133,1.5708
8.34,-0.3413,1.5708
8.39,-0.34127,1.5708
8.44,-0.34124,1.5708
8.49,-0.34121,1.5708
8.54,-0.34118,1.5708
8.59,-0.34115,1.5708
8.64,-0.34112,1.5708
8.69,-0.34109,1.5708
8.74,-0.34106,1.5708
8.79,-0.34103,1.5708
8.84,-0.341,1.5708
